SET FOREIGN_KEY_CHECKS = 0;

INSERT INTO addresses (address_id, street_address, city, state, zip_code) VALUES
('1', '888 Main Street', 'Atlanta', 'GA', '50430'),
('2', '123 Oak Drive', 'Boston', 'MA', '02108'),
('3', '456 Pine Avenue', 'Chicago', 'IL', '60601'),
('4', '789 Maple Boulevard', 'Dallas', 'TX', '75201'),
('5', '101 Elm Street', 'Seattle', 'WA', '98101'),
('6', '202 Cedar Lane', 'Miami', 'FL', '33101'),
('7', '303 Birch Road', 'Denver', 'CO', '80201'),
('8', '404 Willow Way', 'Phoenix', 'AZ', '85001'),
('9', '505 Redwood Trail', 'Portland', 'OR', '97201'),
('10', '606 Spruce Circle', 'Nashville', 'TN', '37201'),
('11', '707 Aspen Court', 'Austin', 'TX', '78701'),
('12', '808 Cypress Path', 'San Francisco', 'CA', '94101'),
('13', '909 Magnolia Drive', 'New York', 'NY', '10001'),
('14', '1010 Cherry Lane', 'Philadelphia', 'PA', '19101'),
('15', '1111 Sycamore Street', 'Detroit', 'MI', '48201'),
('16', '1212 Poplar Avenue', 'Las Vegas', 'NV', '89101'),
('17', '1313 Juniper Road', 'Minneapolis', 'MN', '55401'),
('18', '1414 Hemlock Boulevard', 'San Diego', 'CA', '92101'),
('19', '1515 Chestnut Way', 'Houston', 'TX', '77001'),
('20', '1616 Walnut Drive', 'Atlanta', 'GA', '30301'),
('21', '1717 Beech Street', 'Charlotte', 'NC', '28201'),
('22', '1818 Locust Lane', 'St. Louis', 'MO', '63101'),
('23', '1919 Palm Road', 'Orlando', 'FL', '32801'),
('24', '2020 Pineapple Court', 'San Jose', 'CA', '95101'),
('25', '2121 Acorn Avenue', 'Cleveland', 'OH', '44101'),
('26', '2222 Hickory Street', 'Pittsburgh', 'PA', '15201'),
('27', '2323 Oak Ridge Drive', 'Salt Lake City', 'UT', '84101'),
('28', '2424 Fir Lane', 'Indianapolis', 'IN', '46201'),
('29', '2525 Sequoia Road', 'Columbus', 'OH', '43201'),
('30', '2626 Cedar Ridge Way', 'Baltimore', 'MD', '21201'),
('31', '2727 Redwood Circle', 'Sacramento', 'CA', '95814'),
('32', '2828 Birch Boulevard', 'Kansas City', 'MO', '64101'),
('33', '2929 Maple Lane', 'Tucson', 'AZ', '85701'),
('34', '3030 Pine Path', 'Louisville', 'KY', '40201'),
('35', '3131 Spruce Trail', 'Milwaukee', 'WI', '53201'),
('36', '3232 Elm Road', 'Albuquerque', 'NM', '87101'),
('37', '3333 Cherry Court', 'Oklahoma City', 'OK', '73101'),
('38', '3434 Willow Street', 'Memphis', 'TN', '38101'),
('39', '3535 Sycamore Drive', 'Richmond', 'VA', '23218'),
('40', '3636 Oak Avenue', 'New Orleans', 'LA', '70112'),
('41', '3737 Maple Circle', 'Buffalo', 'NY', '14201'),
('42', '3838 Cedar Street', 'Providence', 'RI', '02901'),
('43', '3939 Pine Road', 'Honolulu', 'HI', '96801'),
('44', '4040 Birch Way', 'Newark', 'NJ', '07101'),
('45', '4141 Spruce Lane', 'Boise', 'ID', '83701'),
('46', '4242 Elm Trail', 'Anchorage', 'AK', '99501'),
('47', '4343 Willow Drive', 'Birmingham', 'AL', '35201'),
('48', '4444 Oak Court', 'Jackson', 'MS', '39201'),
('49', '4545 Maple Boulevard', 'Charleston', 'WV', '25301'),
('50', '4646 Pine Avenue', 'Des Moines', 'IA', '50301'),
('51', '4747 Cedar Road', 'Fargo', 'ND', '58102'),
('52', '4848 Birch Lane', 'Omaha', 'NE', '68101'),
('53', '4949 Spruce Drive', 'Portland', 'ME', '04101'),
('54', '5050 Elm Way', 'Manchester', 'NH', '03101'),
('55', '5151 Willow Street', 'Montpelier', 'VT', '05601'),
('56', '5252 Oak Road', 'Billings', 'MT', '59101'),
('57', '5353 Magnolia Avenue', 'Sioux Falls', 'SD', '57101'),
('58', '5454 Cherry Circle', 'Cheyenne', 'WY', '82001'),
('59', '5555 Pine Lane', 'Burlington', 'VT', '05401'),
('60', '5656 Birch Street', 'Wilmington', 'DE', '19801'),
('61', '5757 Spruce Road', 'Cincinnati', 'OH', '45201'),
('62', '5858 Cedar Drive', 'Tulsa', 'OK', '74101'),
('63', '5959 Elm Boulevard', 'Fresno', 'CA', '93721'),
('64', '6060 Oak Way', 'Tampa', 'FL', '33601'),
('65', '6161 Pine Circle', 'Virginia Beach', 'VA', '23451'),
('66', '6262 Birch Avenue', 'St. Paul', 'MN', '55101'),
('67', '6363 Spruce Lane', 'Fort Worth', 'TX', '76101'),
('68', '6464 Cedar Road', 'Raleigh', 'NC', '27601'),
('69', '6565 Willow Drive', 'Oakland', 'CA', '94601'),
('70', '6666 Maple Trail', 'Jersey City', 'NJ', '07301'),
('71', '6767 Oak Court', 'Madison', 'WI', '53701'),
('72', '6868 Pine Street', 'Grand Rapids', 'MI', '49501'),
('73', '6969 Birch Road', 'Lincoln', 'NE', '68501'),
('74', '7070 Spruce Circle', 'Spokane', 'WA', '99201'),
('75', '7171 Cedar Way', 'Little Rock', 'AR', '72201'),
('76', '7272 Elm Lane', 'Mobile', 'AL', '36601'),
('77', '7373 Willow Road', 'Rochester', 'NY', '14601'),
('78', '7474 Oak Avenue', 'Eugene', 'OR', '97401'),
('79', '7575 Pine Boulevard', 'Wichita', 'KS', '67201'),
('80', '7676 Birch Trail', 'Columbia', 'SC', '29201'),
('81', '7777 Spruce Drive', 'Long Beach', 'CA', '90801'),
('82', '7878 Cedar Court', 'Aurora', 'CO', '80011'),
('83', '7979 Elm Circle', 'Baton Rouge', 'LA', '70801'),
('84', '8080 Willow Street', 'Worcester', 'MA', '01601'),
('85', '8181 Oak Lane', 'Fort Lauderdale', 'FL', '33301'),
('86', '8282 Pine Road', 'Tacoma', 'WA', '98401'),
('87', '8383 Birch Avenue', 'Durham', 'NC', '27701'),
('88', '8484 Spruce Way', 'Toledo', 'OH', '43601'),
('89', '8585 Cedar Boulevard', 'Greensboro', 'NC', '27401'),
('90', '8686 Elm Drive', 'Syracuse', 'NY', '13201'),
('91', '8787 Willow Court', 'Laredo', 'TX', '78040'),
('92', '8888 Oak Trail', 'Modesto', 'CA', '95351'),
('93', '8989 Pine Circle', 'Lubbock', 'TX', '79401'),
('94', '9090 Birch Lane', 'Akron', 'OH', '44301'),
('95', '9191 Spruce Street', 'Huntington', 'WV', '25701'),
('96', '9292 Cedar Road', 'Montgomery', 'AL', '36101'),
('97', '9393 Elm Way', 'Glendale', 'AZ', '85301'),
('98', '9494 Willow Avenue', 'Corpus Christi', 'TX', '78401'),
('99', '9595 Oak Drive', 'Savannah', 'GA', '31401'),
('100', '9696 Pine Circle', 'Amarillo', 'TX', '79101'),
('101', '9797 Birch Boulevard', 'Santa Ana', 'CA', '92701'),
('102', '9898 Spruce Lane', 'Shreveport', 'LA', '71101'),
('103', '9999 Cedar Trail', 'Lexington', 'KY', '40501'),
('104', '101 Elm Road', 'Knoxville', 'TN', '37901'),
('105', '202 Willow Court', 'Hartford', 'CT', '06101'),
('106', '303 Oak Way', 'Augusta', 'ME', '04330'),
('107', '404 Pine Drive', 'Bakersfield', 'CA', '93301'),
('108', '505 Birch Street', 'Winston-Salem', 'NC', '27101'),
('109', '606 Spruce Avenue', 'Stockton', 'CA', '95201'),
('110', '707 Cedar Boulevard', 'Arlington', 'TX', '76010'),
('111', '808 Elm Circle', 'New Haven', 'CT', '06501'),
('112', '909 Willow Lane', 'Dayton', 'OH', '45401'),
('113', '1010 Oak Road', 'Norfolk', 'VA', '23501'),
('114', '1111 Pine Trail', 'Albany', 'NY', '12201'),
('115', '1212 Birch Drive', 'Boulder', 'CO', '80301'),
('116', '1313 Spruce Court', 'Riverside', 'CA', '92501'),
('117', '1414 Cedar Way', 'Anaheim', 'CA', '92801'),
('118', '1515 Elm Street', 'Irvine', 'CA', '92601'),
('119', '1616 Willow Road', 'Irving', 'TX', '75014'),
('120', '1717 Oak Avenue', 'Plano', 'TX', '75023'),
('121', '1818 Pine Boulevard', 'Henderson', 'NV', '89002'),
('122', '1919 Birch Lane', 'Scottsdale', 'AZ', '85250'),
('123', '2020 Spruce Circle', 'St. Petersburg', 'FL', '33701'),
('124', '2121 Cedar Drive', 'Hialeah', 'FL', '33010'),
('125', '2222 Elm Trail', 'Garland', 'TX', '75040'),
('126', '2323 Willow Court', 'Fremont', 'CA', '94536'),
('127', '2424 Oak Lane', 'Chesapeake', 'VA', '23320'),
('128', '2525 Pine Road', 'Frisco', 'TX', '75034'),
('129', '2626 Birch Way', 'McKinney', 'TX', '75069'),
('130', '2727 Spruce Avenue', 'Chandler', 'AZ', '85224'),
('131', '2828 Cedar Boulevard', 'Gilbert', 'AZ', '85233'),
('132', '2929 Elm Circle', 'Mesa', 'AZ', '85201'),
('133', '3030 Willow Street', 'Tempe', 'AZ', '85280'),
('134', '3131 Oak Drive', 'Peoria', 'AZ', '85345'),
('135', '3232 Pine Court', 'Surprise', 'AZ', '85374'),
('136', '3333 Birch Road', 'Glendale', 'CA', '91203'),
('137', '3434 Spruce Way', 'Pasadena', 'CA', '91101'),
('138', '3535 Cedar Lane', 'Fullerton', 'CA', '92831'),
('139', '3636 Elm Avenue', 'Orange', 'CA', '92865'),
('140', '3737 Willow Boulevard', 'Torrance', 'CA', '90501'),
('141', '3838 Oak Trail', 'Long Beach', 'CA', '90802'),
('142', '3939 Pine Circle', 'Huntington Beach', 'CA', '92646'),
('143', '4040 Birch Drive', 'Costa Mesa', 'CA', '92626'),
('144', '4141 Spruce Road', 'Santa Clarita', 'CA', '91350'),
('145', '4242 Cedar Court', 'Thousand Oaks', 'CA', '91360'),
('146', '4343 Elm Way', 'Simi Valley', 'CA', '93063'),
('147', '4444 Willow Lane', 'Oxnard', 'CA', '93030'),
('148', '4545 Oak Street', 'Ventura', 'CA', '93001'),
('149', '4646 Pine Avenue', 'Santa Barbara', 'CA', '93101'),
('150', '4747 Birch Boulevard', 'San Luis Obispo', 'CA', '93401'),
('151', '4848 Spruce Circle', 'Salinas', 'CA', '93901'),
('152', '4949 Cedar Drive', 'Santa Cruz', 'CA', '95060'),
('153', '5050 Elm Road', 'San Mateo', 'CA', '94401'),
('154', '5151 Willow Trail', 'Sunnyvale', 'CA', '94086'),
('155', '5252 Oak Court', 'Santa Clara', 'CA', '95050'),
('156', '5353 Pine Way', 'Mountain View', 'CA', '94039'),
('157', '5454 Birch Lane', 'Palo Alto', 'CA', '94301'),
('158', '5555 Spruce Street', 'Redwood City', 'CA', '94061'),
('159', '5656 Cedar Avenue', 'San Rafael', 'CA', '94901'),
('160', '5757 Elm Boulevard', 'Berkeley', 'CA', '94701'),
('161', '5858 Willow Drive', 'Hayward', 'CA', '94541'),
('162', '5959 Oak Circle', 'Concord', 'CA', '94518'),
('163', '6060 Pine Road', 'Vallejo', 'CA', '94590'),
('164', '6161 Birch Court', 'Fairfield', 'CA', '94533'),
('165', '6262 Spruce Way', 'Vacaville', 'CA', '95687'),
('166', '6363 Cedar Lane', 'Davis', 'CA', '95616'),
('167', '6464 Elm Street', 'Roseville', 'CA', '95661'),
('168', '6565 Willow Avenue', 'Rocklin', 'CA', '95677'),
('169', '6666 Oak Boulevard', 'Folsom', 'CA', '95630'),
('170', '6767 Pine Trail', 'Elk Grove', 'CA', '95624'),
('171', '6868 Birch Drive', 'Citrus Heights', 'CA', '95610'),
('172', '6969 Spruce Road', 'Rancho Cordova', 'CA', '95670'),
('173', '7070 Cedar Circle', 'Carmichael', 'CA', '95608'),
('174', '7171 Elm Way', 'Fair Oaks', 'CA', '95628'),
('175', '7272 Willow Court', 'Orangevale', 'CA', '95662'),
('176', '7373 Oak Lane', 'Auburn', 'CA', '95602'),
('177', '7474 Pine Street', 'Granite Bay', 'CA', '95746'),
('178', '7575 Birch Avenue', 'Lincoln', 'CA', '95648'),
('179', '7676 Spruce Boulevard', 'Chico', 'CA', '95926'),
('180', '7777 Cedar Drive', 'Redding', 'CA', '96001'),
('181', '7878 Elm Trail', 'Santa Rosa', 'CA', '95401'),
('182', '7979 Willow Road', 'Napa', 'CA', '94558'),
('183', '8080 Oak Circle', 'Petaluma', 'CA', '94952'),
('184', '8181 Pine Court', 'Rohnert Park', 'CA', '94928'),
('185', '8282 Birch Way', 'San Diego', 'CA', '92101'),
('186', '8383 Spruce Lane', 'Oceanside', 'CA', '92054'),
('187', '8484 Cedar Street', 'Carlsbad', 'CA', '92008'),
('188', '8585 Elm Avenue', 'Vista', 'CA', '92084'),
('189', '8686 Willow Boulevard', 'San Marcos', 'CA', '92078'),
('190', '8787 Oak Drive', 'Escondido', 'CA', '92025'),
('191', '8888 Pine Trail', 'Encinitas', 'CA', '92024'),
('192', '8989 Birch Road', 'Poway', 'CA', '92064'),
('193', '9090 Spruce Circle', 'La Mesa', 'CA', '91941'),
('194', '9191 Cedar Way', 'El Cajon', 'CA', '92020'),
('195', '9292 Elm Court', 'Santee', 'CA', '92071'),
('196', '9393 Willow Lane', 'Chula Vista', 'CA', '91910'),
('197', '9494 Oak Road', 'National City', 'CA', '91950'),
('198', '9595 Pine Avenue', 'Imperial Beach', 'CA', '91932'),
('199', '9696 Birch Boulevard', 'Coronado', 'CA', '92118'),
('200', '9797 Spruce Drive', 'Del Mar', 'CA', '92014'),
('201', '9898 Cedar Trail', 'Solana Beach', 'CA', '92075'),
('202', '9999 Elm Road', 'Rancho Santa Fe', 'CA', '92067'),
('203', '1001 Willow Street', 'La Jolla', 'CA', '92037'),
('204', '1002 Oak Way', 'Mira Mesa', 'CA', '92126'),
('205', '1003 Pine Lane', 'Rancho Bernardo', 'CA', '92128'),
('206', '1004 Birch Circle', 'Carmel Valley', 'CA', '92130'),
('207', '1005 Spruce Drive', 'Pacific Beach', 'CA', '92109'),
('208', '1006 Cedar Court', 'Mission Beach', 'CA', '92109'),
('209', '1007 Elm Avenue', 'Ocean Beach', 'CA', '92107'),
('210', '1008 Willow Boulevard', 'Point Loma', 'CA', '92106'),
('211', '1009 Oak Trail', 'Downtown San Diego', 'CA', '92101'),
('212', '1010 Pine Road', 'Hillcrest', 'CA', '92103'),
('213', '1011 Birch Way', 'North Park', 'CA', '92104'),
('214', '1012 Spruce Lane', 'University Heights', 'CA', '92116'),
('215', '1013 Cedar Street', 'Normal Heights', 'CA', '92116'),
('216', '1014 Elm Circle', 'Kensington', 'CA', '92116'),
('217', '1015 Willow Drive', 'Mission Valley', 'CA', '92108'),
('218', '1016 Oak Court', 'Fashion Valley', 'CA', '92108'),
('219', '1017 Pine Avenue', 'Linda Vista', 'CA', '92111'),
('220', '1018 Birch Boulevard', 'Clairemont', 'CA', '92117'),
('221', '1019 Spruce Trail', 'University City', 'CA', '92122'),
('222', '1020 Cedar Road', 'Sorrento Valley', 'CA', '92121'),
('223', '1021 Elm Way', 'Miramar', 'CA', '92126'),
('224', '1022 Willow Lane', 'Scripps Ranch', 'CA', '92131'),
('225', '1023 Oak Circle', 'Tierrasanta', 'CA', '92124'),
('226', '1024 Pine Street', 'Serra Mesa', 'CA', '92123'),
('227', '1025 Birch Drive', 'Kearny Mesa', 'CA', '92123'),
('228', '1026 Spruce Court', 'Mira Mesa', 'CA', '92126'),
('229', '1027 Cedar Avenue', 'San Carlos', 'CA', '92119'),
('230', '1028 Elm Boulevard', 'Del Cerro', 'CA', '92120'),
('231', '1029 Willow Road', 'Allied Gardens', 'CA', '92120'),
('232', '1030 Oak Trail', 'College Area', 'CA', '92115'),
('233', '1031 Pine Way', 'Rolando', 'CA', '92115'),
('234', '1032 Birch Lane', 'Oak Park', 'CA', '92105'),
('235', '1033 Spruce Street', 'Paradise Hills', 'CA', '92139'),
('236', '1034 Cedar Circle', 'Skyline', 'CA', '92114'),
('237', '1035 Elm Drive', 'Encanto', 'CA', '92114'),
('238', '1036 Willow Court', 'Logan Heights', 'CA', '92113'),
('239', '1037 Oak Avenue', 'Barrio Logan', 'CA', '92113'),
('240', '1038 Pine Boulevard', 'Golden Hill', 'CA', '92102'),
('241', '1039 Birch Trail', 'South Park', 'CA', '92102'),
('242', '1040 Spruce Road', 'Sherman Heights', 'CA', '92102'),
('243', '1041 Cedar Way', 'Grant Hill', 'CA', '92102'),
('244', '1042 Elm Lane', 'Stockton', 'CA', '92102'),
('245', '1043 Willow Street', 'Mount Hope', 'CA', '92102'),
('246', '1044 Oak Drive', 'Southcrest', 'CA', '92113'),
('247', '1045 Pine Circle', 'Lincoln Park', 'CA', '92113'),
('248', '1046 Birch Avenue', 'Valencia Park', 'CA', '92114'),
('249', '1047 Spruce Boulevard', 'Chollas View', 'CA', '92114'),
('250', '1048 Cedar Drive', 'Webster', 'CA', '92114'),
('251', '1049 Elm Trail', 'Emerald Hills', 'CA', '92114'),
('252', '1050 Willow Way', 'Rancho Penasquitos', 'CA', '92129'),
('253', '1051 Oak Lane', 'Carmel Mountain Ranch', 'CA', '92128'),
('254', '1052 Pine Court', 'Sabre Springs', 'CA', '92128'),
('255', '1053 Birch Road', 'Rancho Encantada', 'CA', '92127'),
('256', '1054 Spruce Circle', 'Torrey Highlands', 'CA', '92130'),
('257', '1055 Cedar Street', 'Del Mar Heights', 'CA', '92130'),
('258', '1056 Elm Avenue', 'Torrey Pines', 'CA', '92037'),
('259', '1057 Willow Boulevard', 'Sorrento Mesa', 'CA', '92121'),
('260', '1058 Oak Trail', 'Torrey Hills', 'CA', '92130'),
('261', '1059 Pine Drive', 'Carmel Valley', 'CA', '92130'),
('262', '1060 Birch Way', 'Pacific Highlands Ranch', 'CA', '92130'),
('263', '1061 Spruce Lane', 'Black Mountain Ranch', 'CA', '92127'),
('264', '1062 Cedar Road', 'Rancho Santa Fe', 'CA', '92091'),
('265', '1063 Elm Circle', 'Fairbanks Ranch', 'CA', '92067'),
('266', '1064 Willow Court', 'Olivenhain', 'CA', '92024'),
('267', '1065 Oak Street', 'Cardiff-by-the-Sea', 'CA', '92007'),
('268', '1066 Pine Avenue', 'Leucadia', 'CA', '92024'),
('269', '1067 Birch Boulevard', 'Encinitas', 'CA', '92024'),
('270', '1068 Spruce Trail', 'Carlsbad', 'CA', '92008'),
('271', '1069 Cedar Drive', 'La Costa', 'CA', '92009'),
('272', '1070 Elm Way', 'Oceanside', 'CA', '92054'),
('273', '1071 Willow Lane', 'Vista', 'CA', '92083'),
('274', '1072 Oak Road', 'San Marcos', 'CA', '92069'),
('275', '1073 Pine Circle', 'Escondido', 'CA', '92025'),
('276', '1074 Birch Court', 'Valley Center', 'CA', '92082'),
('277', '1075 Spruce Avenue', 'Fallbrook', 'CA', '92028'),
('278', '1076 Cedar Boulevard', 'Bonsall', 'CA', '92003'),
('279', '1077 Elm Drive', 'Pala', 'CA', '92059'),
('280', '1078 Willow Trail', 'Pauma Valley', 'CA', '92061'),
('281', '1079 Oak Way', 'Rainbow', 'CA', '92028'),
('282', '1080 Pine Lane', 'Camp Pendleton', 'CA', '92055'),
('283', '1081 Birch Street', 'Poway', 'CA', '92064'),
('284', '1082 Spruce Circle', 'Rancho Bernardo', 'CA', '92128'),
('285', '1083 Cedar Court', 'Rancho Penasquitos', 'CA', '92129'),
('286', '1084 Elm Road', 'Mira Mesa', 'CA', '92126'),
('287', '1085 Willow Avenue', 'Scripps Ranch', 'CA', '92131'),
('288', '1086 Oak Boulevard', 'Tierrasanta', 'CA', '92124'),
('289', '1087 Pine Trail', 'Serra Mesa', 'CA', '92123'),
('290', '1088 Birch Drive', 'Kearny Mesa', 'CA', '92123'),
('291', '1089 Spruce Way', 'Clairemont', 'CA', '92117'),
('292', '1090 Cedar Lane', 'Bay Park', 'CA', '92110'),
('293', '1091 Elm Street', 'Mission Bay', 'CA', '92109'),
('294', '1092 Willow Circle', 'Pacific Beach', 'CA', '92109'),
('295', '1093 Oak Drive', 'La Jolla', 'CA', '92037'),
('296', '1094 Pine Court', 'University City', 'CA', '92122'),
('297', '1095 Birch Avenue', 'Sorrento Valley', 'CA', '92121'),
('298', '1096 Spruce Boulevard', 'Carmel Valley', 'CA', '92130'),
('299', '1097 Cedar Trail', 'Del Mar', 'CA', '92014'),
('300', '1098 Elm Way', 'Solana Beach', 'CA', '92075');


INSERT INTO authors (author_id, first_name, last_name, bio, honorific) VALUES
('1', 'Maxie', 'Ducastel', NULL, 'Dr.'),
('2', 'Nerissa', 'Hellin', 'Multos, sed imperitos --, quamquam.', NULL),
('3', 'Ardys', 'Hayward', 'Non placet autem detracta voluptate aegritudi', NULL),
('4', 'Delcina', 'Durbin', 'Certissimam se nobis ducem praebeat ad volupt', 'Ms.'),
('5', 'Rickey', 'Spata', 'Factis non emolumento aliquo, sed ipsius hone', NULL),
('6', 'Thibaut', 'Mathouse', NULL, 'Ms.'),
('7', 'Scot', 'Graveson', 'Necessarius de amicitia, quam, si voluptas es', 'Rev.'),
('8', 'Evelin', 'Fransman', 'Adversa quasi perpetua oblivione obruamus et ', 'Mr.'),
('9', 'Cele', 'Gabby', 'Nunc ab Epicureis. Sed ad rem redeamus; de ho', 'Mrs.'),
('10', 'Sutherland', 'Grint', NULL, 'Dr.'),
('11', 'Chanda', 'Gilburt', NULL, NULL),
('12', 'Russ', 'Caldaro', 'Adipisci velit, sed quia consequuntur magni d', 'Rev.'),
('13', 'Nealon', 'Le Guin', NULL, NULL),
('14', 'Fancy', 'Lobbe', NULL, 'Mr.'),
('15', 'Merrill', 'Rawling', 'Suppetet; et tamen, qui diligenter haec, quae', 'Mr.'),
('16', 'Kimmie', 'Routledge', 'Non recusandae. Itaque earum rerum.', 'Prof.'),
('17', 'Chadwick', 'Thirtle', NULL, NULL),
('18', 'Christabella', 'Gounin', 'Et consequentium repugnantiumve ratio potest ', NULL),
('19', 'Rodd', 'Leatt', NULL, 'Rev.'),
('20', 'Sheri', 'Gendrich', 'Voluptas autem est sola, quae nos vocet ad se', NULL),
('21', 'Shandra', 'Emblen', 'Ultimum bonorum, quod omnium philosophorum se', NULL),
('22', 'Joby', 'Messum', NULL, 'Mr.'),
('23', 'Merry', 'Condit', 'Instructus semper est in voluptate velit.', 'Mr.'),
('24', 'Jonell', 'Dymidowicz', 'Civibus, si ad eorum cognitionem divina illa ', 'Mrs.'),
('25', 'Rikki', 'Gannicleff', 'Dicenda sunt. Praeclare enim Epicurus his pae', 'Mr.'),
('26', 'Morna', 'Quin', 'Litteras vocent, genus hoc scribendi, etsi si', 'Ms.'),
('27', 'Bonny', 'Berzin', 'Fugienda est, summum profecto malum est viver', 'Mrs.'),
('28', 'Brandtr', 'Leverson', NULL, 'Prof.'),
('29', 'Hazel', 'Gammill', NULL, NULL),
('30', 'Boyce', 'Polleye', 'Vera esse non possunt et, si essent vera, nih', 'Ms.'),
('31', 'Jessy', 'Bedrosian', 'Susceperant. Ecce autem alii minuti et angust', 'Dr.'),
('32', 'Moselle', 'Undrell', 'Atomorum inter se, ex quo vitam amarissimam n', NULL),
('33', 'Coleen', 'Popplestone', 'Qui se plane Graecum dici velit.', 'Mr.'),
('34', 'Cristi', 'Tschierasche', 'Ista, quae sine dubio praeclara sunt, fecerin', 'Dr.'),
('35', 'Abram', 'Matyashev', NULL, 'Rev.'),
('36', 'Maryrose', 'Pesic', NULL, 'Ms.'),
('37', 'Eric', 'Phelit', 'Aliquid aut ista didicisset. Et quod adest se', 'Mrs.'),
('38', 'Kristi', 'Gaffey', NULL, 'Prof.'),
('39', 'Becki', 'Spondley', NULL, 'Rev.'),
('40', 'Crichton', 'Kleynermans', NULL, 'Dr.'),
('41', 'Maxy', 'Baughan', NULL, 'Prof.'),
('42', 'Ximenez', 'Bunt', 'Quidem tibi et declinationem istam atomorum e', 'Prof.'),
('43', 'Hannie', 'Manginot', NULL, 'Prof.'),
('44', 'Nanon', 'Penreth', NULL, NULL),
('45', 'Winny', 'Llewhellin', NULL, 'Mr.'),
('46', 'Arie', 'Luigi', NULL, 'Rev.'),
('47', 'Elwood', 'Abramof', NULL, 'Ms.'),
('48', 'Buffy', 'Sewill', NULL, 'Mrs.'),
('49', 'Brewer', 'Butchart', 'Laetitiam, id est in voluptate. Neque enim te', 'Mr.'),
('50', 'Doralyn', 'Ranyell', NULL, NULL),
('51', 'Ulrikaumeko', 'Jepp', 'Morbi sunt cupiditates inmensae et inanes div', NULL),
('52', 'Katya', 'Matessian', NULL, 'Mr.'),
('53', 'Burgess', 'Fernehough', 'Splendide dicta sint neque sint conversa de G', 'Prof.'),
('54', 'Renelle', 'Boncoeur', 'Et horrida, de malis Graecis Latine scripta d', 'Prof.'),
('55', 'Buddie', 'Kemp', NULL, 'Ms.'),
('56', 'Gina', 'Sibthorpe', NULL, 'Mrs.'),
('57', 'Courtnay', 'Hellcat', 'Tamen, qui diligenter haec, quae vitam omnem ', 'Dr.'),
('58', 'Germaine', 'Cowoppe', NULL, 'Rev.'),
('59', 'Garrek', 'Story', 'Amotio successionem efficit voluptatis. Itaqu', 'Mr.'),
('60', 'Georgianne', 'O''Carmody', NULL, NULL),
('61', 'Mort', 'Sollom', 'Et naturales et necessariae, alterum, quae vi', NULL),
('62', 'Les', 'Yeabsley', 'Id totum evertitur eo delectu rerum, quem mod', 'Mr.'),
('63', 'Pammi', 'Applewhaite', 'Admirer, cur in gravissimis rebus non delecte', 'Mrs.'),
('64', 'Concettina', 'Ascraft', 'Hostem impetum fecisse aut in dolore. Omnis a', NULL),
('65', 'Felizio', 'Burdess', 'Nec patientia nec assiduitas nec vigiliae nec', 'Prof.'),
('66', 'Aristotle', 'Krook', NULL, 'Ms.'),
('67', 'Tito', 'Everex', NULL, NULL),
('68', 'Gale', 'Beaconsall', NULL, 'Ms.'),
('69', 'Murdoch', 'Maskrey', NULL, 'Mrs.'),
('70', 'Markos', 'Wilcockes', NULL, 'Ms.'),
('71', 'Jessica', 'Pridie', 'Amice et benivole collegisti, nec me tamen la', NULL),
('72', 'Corly', 'Tedahl', 'Primum erit hoc quasi, provincias atomis.', 'Mrs.'),
('73', 'Garald', 'Beggs', 'Percipi posse, quam ex hoc percipiatur, quod ', 'Dr.'),
('74', 'Hamilton', 'Isaaksohn', 'Ille, sciscat et probet, id est vel summum bo', 'Mr.'),
('75', 'Celia', 'Janu', 'Videre, nihil tranquilli potest. Quodsi vitam', 'Mrs.'),
('76', 'Idalina', 'Chase', 'Opera, studio, labore meo doctiores cives mei', 'Mrs.'),
('77', 'Aleksandr', 'Eakins', NULL, 'Rev.'),
('78', 'Hymie', 'Creigan', 'Sis aequitate, quam ostendis. Sed uti oration', NULL),
('79', 'Anett', 'Eilhermann', 'Sua sponte et per se ipsam optabilem.', 'Dr.'),
('80', 'Ardenia', 'Puckey', NULL, 'Rev.'),
('81', 'Pip', 'Gannicleff', NULL, 'Prof.'),
('82', 'Jeane', 'Dominighi', 'Sunt ab iis quos probamus.', 'Dr.'),
('83', 'Paulo', 'Stollenbeck', NULL, NULL),
('84', 'Ches', 'Noulton', NULL, 'Prof.'),
('85', 'Crissy', 'Lodden', 'Eorum tamen utrumque et ortum esse e corpore.', 'Mr.'),
('86', 'Henryetta', 'Merida', 'Quorum nihil oportere exquisitis rationibus c', 'Mrs.'),
('87', 'Abram', 'Archambault', NULL, 'Prof.'),
('88', 'Packston', 'Gravells', NULL, 'Rev.'),
('89', 'Calypso', 'Burdis', NULL, 'Dr.'),
('90', 'Sioux', 'Drydale', 'Quiete vivendum, caritatem, praesertim cum om', 'Mrs.'),
('91', 'Marcellina', 'Dugall', NULL, 'Dr.'),
('92', 'Sibelle', 'Penning', 'Incurrunt, sed intus etiam in animis nostris ', 'Prof.'),
('93', 'Say', 'Dacks', NULL, 'Rev.'),
('94', 'Gardner', 'Winterton', 'Dominorum domus; quo minus animus a se repell', 'Ms.'),
('95', 'Waneta', 'Commander', 'Protervi, idem intemperantes et ignavi, numqu', 'Prof.'),
('96', 'Sheelah', 'Leadstone', NULL, 'Mrs.'),
('97', 'Daphne', 'Warlaw', NULL, NULL),
('98', 'Theresita', 'Albrighton', NULL, 'Mr.'),
('99', 'Rana', 'Usborn', NULL, NULL),
('100', 'Thor', 'Trighton', 'Vias, quae ad quietem et ad usus civium non i', NULL);

INSERT INTO genres (genre) VALUES
    ('Action'),
    ('Adventure'),
    ('Animation'),
    ('Biography'),
    ('Comedy'),
    ('Crime'),
    ('Documentary'),
    ('Drama'),
    ('Family'),
    ('Fantasy'),
    ('Film-Noir'),
    ('History'),
    ('Horror'),
    ('Music'),
    ('Musical'),
    ('Mystery'),
    ('News'),
    ('Reality-TV'),
    ('Romance'),
    ('Sci-Fi'),
    ('Short'),
    ('Sport'),
    ('Superhero'),
    ('Talk-Show'),
    ('Thriller'),
    ('War'),
    ('Western'),
    ('Psychological'),
    ('Cyberpunk'),
    ('Steampunk'),
    ('Survival'),
    ('Post-Apocalyptic'),
    ('Time Travel'),
    ('Paranormal'),
    ('Slasher'),
    ('Teen'),
    ('Political'),
    ('Experimental'),
    ('Espionage'),
    ('Martial Arts');

INSERT INTO books (book_id, title, genre_id, price, stock, publisher_id, author_id, isbn, publication_date) VALUES
('1', 'Wireless Gaming Mouse',40, '39.99', '324', '53', '75', '6d8002b5-206d-4010-8b2d-df6ca485a3a7', '2007-07-20'),
('2', 'Mini Pretzels',2, '2.99', '14', '52', '77', '539716de-d1f6-4c51-bf0f-7d5882895d8a', '1987-02-06'),
('3', 'Sweet Potato Mash',3, '3.99', '122', '12', '64', 'c06c9e18-0723-4d07-8aa8-34956cc1cea6', '1988-01-27'),
('4', 'Thai Coconut Curry Sauce',1, '3.99', '143', '72', '62', 'ab70a802-3832-4364-a5c4-0bca56e3614b', '2016-12-13'),
('5', 'Hibiscus Herbal Tea',16, '3.29', '247', '14', '16', '0376c204-e217-42bb-b53c-fbb5386e9855', '2008-06-16'),
('6', 'Organic Quinoa Chips',34, '3.99', '348', '98', '1', '4427f849-b607-47f7-a180-1fb99ce4249e', '2013-11-10'),
('7', 'Electric Griddle with Removable Plates',25, '59.99', '235', '62', '63', '3b67a33d-69d5-436b-8fdd-9ee25474730c', '2018-06-26'),
('8', 'Sliced Turkey Breast',7, '5.49', '117', '16', '46', '58e45983-1911-4d07-bbe4-a110f871a1da', '1980-12-05'),
('9', 'Luxe Velvet Blazer',34, '89.99', '303', '94', '91', '9a01372d-90b2-4f9c-bcad-0f2a0a6543da', '1991-05-15'),
('10', 'Eco-Friendly Stainless Steel Straws',25, '12.99', '146', '42', '99', '90c71017-f6b9-40e7-b8ee-d48052ab365d', '1998-06-07'),
('11', 'Herb Garlic Butter',15, '3.99', '327', '49', '15', 'de4cab7b-219b-4d46-b8b2-559da3f0f3f0', '2004-01-04'),
('12', 'Dried Apricots',32, '3.79', '460', '91', '2', '826d3613-e62c-426e-874f-22087ff28cfd', '1998-02-25'),
('13', 'Peanut Butter Pretzel Bites',12, '4.19', '304', '48', '90', 'd7c2b6bd-e0cf-46f4-a969-9d6325503dc1', '2018-10-14'),
('14', 'Ground Turkey',27, '5.49', '65', '27', '72', '95ac1664-3b80-4208-bb8e-e75dd08d32ab', '1987-11-18'),
('15', 'Luxury Bath Salts',6, '19.99', '17', '99', '59', '15a4b077-ed3e-4b21-8404-b75d8fb867b7', '2003-06-05'),
('16', 'Oven-Baked Cheese Crisps',37, '3.99', '243', '60', '88', 'd7334125-7d9c-4e9e-872e-0fdd9618daef', '1987-12-20'),
('17', 'Solar Garden Lights',3, '39.99', '262', '30', '44', '650c3880-f4d9-424e-93dd-4f030decc3a0', '1989-10-06'),
('18', 'Customizable Photo Calendar',18, '19.99', '446', '50', '60', '75a53b25-c3df-418a-87bc-c5b1bf5b9dea', '1989-09-09'),
('19', 'Car Trash Can',34, '12.99', '357', '23', '95', 'a0a93a5c-8009-4797-a8cc-c8dee54541ae', '1997-05-03'),
('20', 'High-Speed Hand Blender',30, '39.99', '284', '96', '71', 'a46de9e7-6488-47b8-8151-ab6827240531', '2019-01-26'),
('21', 'Roasted Red Pepper Hummus',2, '3.49', '3', '58', '73', '4fae4f99-4550-4891-8c2e-0048ee844ed1', '2008-03-01'),
('22', 'Creamy Garlic Dressing',21, '3.99', '316', '24', '13', '24f53015-2df5-41bc-8ea7-5e70bc04f7c7', '2021-12-03'),
('23', 'Guitar Tuner',27, '19.99', '393', '54', '80', '081d42a4-eea3-44d4-880e-90efa68408e7', '1978-10-18'),
('24', 'Surimi Crab Sticks',10, '4.19', '119', '22', '55', 'e421f16d-cfaa-4930-9598-94dae9531f14', '2009-06-23'),
('25', 'Dark Chocolate Raisins',8, '3.49', '402', '18', '39', '2d222e91-cac8-44c9-b308-290693075ad6', '2023-05-25'),
('26', 'Party Mini Dress',15, '69.99', '71', '95', '100', '5231fca5-7c9a-4dc5-9259-6e35898440bd', '1991-09-12'),
('27', 'Travel Hair Straightener',1, '29.99', '494', '74', '33', 'b5bfa74f-6a50-42e6-b427-ec0981a655d2', '2012-09-07'),
('28', 'Infrared Thermometer Gun',17, '29.99', '77', '77', '79', 'b529b96a-f604-4d61-a814-d7a3d1d2b18f', '1987-07-01'),
('29', 'Quinoa and Kale Salad Kit',15, '5.29', '309', '40', '14', '8303ec70-264b-409b-a965-b19e4cd0163e', '1990-05-29'),
('30', 'Chili Lime Shrimp',3, '8.99', '24', '66', '54', 'c9b7c8f1-7071-4ef4-bc91-ab4723e6fff7', '2009-06-06'),
('31', 'Pesto Pasta Sauce',39, '3.99', '359', '67', '9', '181d700a-e291-4701-8563-ab615ebf2286', '1989-09-29'),
('32', 'Professional Chef Knife',23, '89.99', '245', '70', '12', 'e6cb48d5-6743-4d8f-a71b-35f600aa8118', '2015-10-12'),
('33', 'Ramen Noodle Soup Cups',23, '1.29', '321', '59', '17', '3ea8a4e2-13a2-4c5b-a078-a948a177388f', '1985-12-28'),
('34', 'Jasmine Rice',19, '2.39', '98', '32', '34', '90b30dd3-e4f5-4407-b85f-a96078eb4ad6', '2022-02-01'),
('35', 'Athletic Compression Tights',33, '39.99', '369', '35', '96', '7958a18f-1ed1-46b3-bc81-d1324f0c6168', '2017-06-13'),
('36', 'Rain Jacket',21, '64.99', '255', '75', '37', '0c9867d5-a38e-4298-96ce-b657029f70aa', '1987-07-20'),
('37', 'Fleece Hoodie',37, '39.99', '389', '64', '31', '9effa422-4ce4-40a2-9e82-9e70a39060c3', '2003-05-21'),
('38', 'Grilled Veggie Burgers',13, '6.29', '496', '41', '74', '32cbac14-e1e2-4d5a-b71d-ff4029ecdb73', '1978-08-04'),
('39', 'Caramel Apple Taffy',22, '1.99', '41', '84', '4', '16b1d8a0-de46-4e65-859c-16d5e77a5aea', '2008-09-04'),
('40', 'Curried Lentil Salad',32, '4.29', '0', '6', '20', '95d05fb2-0524-4957-b7ee-26a3561a7a4e', '2014-05-30'),
('41', 'Nutty Granola Clusters',40, '2.49', '427', '100', '3', '75c6629c-fe1e-4d0b-9661-a309f8e8c9c2', '1990-08-28'),
('42', 'Nutty Granola Clusters',3, '2.49', '67', '31', '22', 'e9789c7e-af9f-484a-baa6-645ba70b13bd', '2012-07-06'),
('43', 'Spicy Salsa Verde',12, '3.49', '377', '87', '97', '32dc5129-4dc2-47e4-9fef-6e102f90c223', '1991-10-29'),
('44', 'Digital Food Thermometer',24, '19.99', '329', '37', '40', '276da2fe-b6f0-4961-96e0-97ac6e2b3c78', '1992-02-08'),
('45', 'Lentil Vegetable Curry',40, '4.49', '155', '80', '50', 'ac626bae-3650-436e-bd57-6ce44ad03953', '2005-10-02'),
('46', 'Brazil Nuts',26, '10.99', '84', '45', '92', '25f26daa-3cf1-4d2c-a5e1-2070078a598f', '1998-08-02'),
('47', 'Mediterranean Couscous Salad',26, '5.49', '59', '88', '35', '39534f63-967f-437f-a505-894282a0cb51', '1988-05-10'),
('48', 'Smart Scale',20, '59.99', '199', '15', '56', '25557dbd-1d42-4cc9-9ca4-3f061a92da95', '2020-09-15'),
('49', 'Shoe Organizer',9, '39.99', '258', '39', '47', 'bedc9165-49fb-494f-ba8a-777a6e8a926c', '1981-07-19'),
('50', 'Herbed Couscous',1, '2.49', '327', '7', '78', '902a4131-4817-4411-991b-655812daab0b', '1992-05-12'),
('51', 'Thai Red Curry Paste',32, '3.99', '322', '86', '66', '7cabde63-f3d7-482b-ba91-98dacb8da42c', '2014-08-31'),
('52', 'Peanut Butter Filled Pretzels',36, '3.99', '129', '65', '58', '295db63e-a977-4e77-8913-36024dbe495b', '1985-06-11'),
('53', 'Compact Umbrella',4, '12.99', '251', '8', '48', 'c8c2ba24-4e74-4b25-bf1c-ed4d0309d2e3', '2015-01-03'),
('54', 'Lockable Bicycle Chain',34, '19.99', '209', '56', '6', '74d1756d-6881-407c-8e28-3637dd01331a', '1985-05-26'),
('55', 'Luxe Velvet Blazer',10, '89.99', '370', '76', '70', '394b07a9-c86a-48ff-9e43-199761ef3783', '2004-03-12'),
('56', 'Wireless Smart Plug',9, '19.99', '435', '25', '32', '62c52d4b-3f03-4a12-892d-71f2973a0626', '2022-05-31'),
('57', 'Fresh Cilantro',24, '1.49', '324', '28', '86', 'cfae5fe9-f210-45e4-8b54-f1dcbfcece6a', '2009-03-17'),
('58', 'Digital Camera',4, '299.99', '346', '90', '5', 'a39bde57-7a7a-4aa6-8478-80bc1d36de93', '1981-01-05'),
('59', 'Buffalo Stilton Cheese',29, '8.99', '70', '89', '84', '687e8b65-18c5-4069-9d82-36827fe24956', '1978-09-22'),
('60', 'Vegetarian Pizza',22, '5.49', '389', '85', '24', 'cc3a1ec3-c044-4712-bbc9-c54843368562', '2014-01-25'),
('61', 'Adjustable Stand for Tablets and Smartphones',19, '19.99', '171', '11', '76', '4143f721-fa8a-4b91-906b-6c19644a8886', '2022-07-29'),
('62', 'Vegetable Curry',38, '5.99', '312', '38', '87', '4fcd29c2-e012-497f-9511-7c6fdd7b8cac', '2010-08-15'),
('63', 'Ice Cream',18, '5.99', '195', '4', '68', 'ccb30501-c0a2-4566-8285-0693febbdab4', '2009-06-30'),
('64', 'Honey mustard chicken tenders',25, '7.99', '40', '79', '53', 'ebbfd4aa-88b1-42df-8656-ec1ad9807bfc', '2015-12-23'),
('65', 'Hiking Gaiters',15, '29.99', '28', '5', '57', '177d1738-3c5d-44c0-be05-bfd76ec353b1', '2018-10-13'),
('66', 'Sliced Cheese',6, '4.49', '485', '19', '41', '15d08e0b-f848-4c84-a395-59687e5fc367', '1988-06-02'),
('67', 'Dried Fruit Medley',7, '5.49', '421', '73', '10', 'a088b21d-60ad-4cde-b791-0980be31a0b4', '1983-07-24'),
('68', 'Electric Kettle',31, '39.99', '300', '93', '61', '7432e497-732b-4403-a9ab-08ff4a5bda6c', '2014-09-19'),
('69', 'Personal Blender with Travel Lid',12, '34.99', '106', '29', '7', '0d95aa3b-a35b-4cfa-a260-38b6d0bf2550', '1998-03-12'),
('70', 'Pet Travel Carrier',12, '39.99', '400', '44', '26', 'f0b0586e-b2b0-4b6c-a8d3-cd089f712e22', '1991-12-28'),
('71', 'Adjustable Pedicure Footrest',17, '39.99', '365', '21', '83', '567b7144-8047-4d8f-8f54-fbca22ee86f7', '2006-11-04'),
('72', 'Honey BBQ Riblets',5, '12.99', '359', '17', '89', '2d6b7c94-9b49-4b73-9b67-a1788f5c74fe', '2020-03-10'),
('73', 'Saffron Rice Mix',14, '2.99', '479', '9', '8', '7e06a45f-e1ad-4631-99c2-60ab8fd3c0fe', '1980-08-08'),
('74', 'Spinach and Feta Wraps',10, '4.99', '315', '78', '45', '14cab9d5-5c36-4fe0-9394-be3af9ae259f', '2023-01-09'),
('75', 'Lentil Vegetable Curry',27, '4.49', '165', '43', '94', '0399afe4-6d73-4797-9ab2-9d82c95e47fb', '2003-01-06'),
('76', 'Fashionable Scarves Set',19, '24.99', '215', '26', '49', 'e0eb1ba6-4988-4e39-b4a6-4a3bed238bc7', '2005-05-20'),
('77', 'Ceramic Non-Stick Frying Pan',25, '39.99', '61', '61', '19', '13d7271b-761f-4b90-8495-0b51843fd991', '2009-08-12'),
('78', 'Overnight Hiking Backpack',10, '79.99', '335', '81', '25', '2f2f7732-ac8c-4300-a30b-4f36d756a0b4', '2008-08-10'),
('79', 'Basketball',22, '29.99', '442', '2', '51', '85de48af-c5c9-4b09-954c-d8fe4fee0645', '1987-07-31'),
('80', 'Oven Mitts',13, '15.99', '367', '3', '28', '567b7277-dca3-490b-9bc3-793d2ca036f6', '1988-02-01'),
('81', 'Herb Drying Rack',26, '22.99', '207', '46', '18', 'd94f05df-a125-46a1-a710-c71ff36d17e7', '1978-05-13'),
('82', 'Phone Screen Protector',1, '12.99', '421', '20', '38', '3674e862-57e0-4fb1-912e-518eaf77fb53', '1991-03-08'),
('83', 'Soft Plush Throw Blanket',4, '29.99', '492', '36', '29', '312e7342-698d-48f1-a3c0-f528069bdf11', '2014-04-08'),
('84', 'Wireless Gaming Mouse',4, '39.99', '14', '1', '42', '036be837-2539-49db-b705-a973a6ea231f', '1984-09-10'),
('85', 'Italian Pasta',29, '2.29', '172', '47', '43', '7d8eb07a-341f-4860-8507-731471071858', '1986-09-07'),
('86', 'Reversible Swimming Pool Lounger',4, '34.99', '269', '55', '69', '1ac1424f-9808-49ed-b443-106744ca1dea', '2018-10-02'),
('87', 'Fresh Cilantro',9, '1.49', '47', '83', '67', '87165ed7-c630-4724-aaf6-8156e23a79c7', '2020-05-06'),
('88', 'Mini Air Hockey Table',25, '39.99', '204', '68', '21', '99061aa8-e681-4e83-8b10-150ec39f8ee0', '1996-10-14'),
('89', 'Free-Range Eggs',25, '3.99', '434', '33', '36', 'fb64aa1f-e97e-4aa4-99af-5ca11ed4851d', '2010-07-25'),
('90', 'Stainless Steel Travel Mug',3, '19.99', '373', '10', '98', 'd598d8a5-0f98-4331-8403-5d2af268df4a', '2022-01-05'),
('91', 'Pleated Midi Dress',31, '79.99', '171', '71', '65', '63a50a58-9fb6-4756-a2ae-1b8370aff319', '2012-07-03'),
('92', 'Tahini',37, '5.49', '187', '92', '11', 'e0ed6a0d-467e-4951-9e5e-b37586c04e87', '2006-06-04'),
('93', 'Almond Flour Pancake Mix',18, '5.99', '480', '13', '81', 'c855a7f3-e1af-4960-afe8-f674987aca64', '2022-06-06'),
('94', 'Potting Soil',18, '15.99', '184', '69', '27', '2880bf02-ec48-4601-a469-b7ae225853e6', '1995-12-11'),
('95', 'Blue Corn Tortilla Chips',25, '3.49', '154', '82', '93', 'cfdc2309-cfc4-4d90-ac11-6203c0549f8e', '1981-06-18'),
('96', 'Acoustic Guitar',6, '199.99', '16', '97', '30', '53e158db-b048-4dba-947f-5eb6d13a4a1a', '2002-09-29'),
('97', 'Linen Trousers',33, '44.99', '4', '57', '82', '0107894c-7433-45b2-ab44-966262cb7c44', '2014-08-10'),
('98', 'Decorative Wall Tapestry',25, '34.99', '217', '51', '23', '8495cca1-a020-4782-96fe-12eba21fb205', '2004-05-02'),
('99', 'Beef Jerky',24, '5.99', '18', '63', '85', '7688d8de-9484-4dc4-bd68-595e7a877e91', '1986-05-16'),
('100', 'Gluten-Free Pancake Mix',1, '5.99', '197', '34', '52', 'de623f9c-977c-4089-befc-23abf5bcf2c4', '1992-11-25');


INSERT INTO customers (customer_id, last_name, first_name, email, phone, address_id) VALUES
('1', 'Dallander', 'Jeffie', 'jeffie.dallander@gmail.com', '(317) 770-2411', '1'),
('2', 'Cassell', 'Corette', 'corette.cassell@gmail.com', '(781) 816-9444', '2'),
('3', 'Ciotti', 'Francesco', 'francesco.ciotti@gmail.com', '(727) 292-7633', '3'),
('4', 'Von Salzberg', 'Gifford', 'gifford.vonsalzberg@yahoo.in', '(401) 574-0797', '4'),
('5', 'Pharo', 'Joly', 'joly.pharo@hotmail.fr', '(763) 521-9315', '5'),
('6', 'Pontin', 'Emilie', 'emilie.pontin@gmail.com', '(941) 863-7908', '6'),
('7', 'Messent', 'Ephrem', 'ephrem.messent@cox.net', '(904) 476-9643', '7'),
('8', 'Teague', 'Fanchon', 'fanchon.teague@arcor.de', '(217) 833-7192', '8'),
('9', 'Haseley', 'Renae', 'renae.haseley@aol.com', '(804) 555-7644', '9'),
('10', 'Wormald', 'Vonni', 'vonni.wormald@voila.fr', '(512) 554-9643', '10'),
('11', 'Nix', 'Bearnard', 'bearnard.nix@rambler.ru', '(801) 561-4345', '11'),
('12', 'Gerriessen', 'Salvidor', 'salvidor.gerriessen@gmail.com', '(719) 747-1038', '12'),
('13', 'Witcombe', 'Veronike', 'veronike.witcombe@yahoo.com', '(412) 252-9803', '13'),
('14', 'Figure', 'Pennie', 'pennie.figure@yahoo.com', '(850) 613-3031', '14'),
('15', 'Wastall', 'Teriann', 'teriann.wastall@hotmail.fr', '(562) 327-3176', '15'),
('16', 'Fanning', 'Olav', 'olav.fanning@yahoo.com', '(562) 221-0442', '16'),
('17', 'Callam', 'Carleton', 'carleton.callam@bigpond.com', '(919) 810-5285', '17'),
('18', 'Benion', 'Hammad', 'hammad.benion@msn.com', '(313) 375-9176', '18'),
('19', 'Conaboy', 'Hermon', 'hermon.conaboy@gmail.com', '(727) 668-0853', '19'),
('20', 'Hamsher', 'Therine', 'therine.hamsher@hotmail.it', '(760) 989-7732', '20'),
('21', 'Pobjoy', 'Roobbie', 'roobbie.pobjoy@free.fr', '(571) 500-3366', '21'),
('22', 'Rowbury', 'Kirsti', 'kirsti.rowbury@yahoo.it', '(651) 354-3443', '22'),
('23', 'Gossipin', 'Rica', 'rica.gossipin@hotmail.com', '(302) 963-1558', '23'),
('24', 'Weekly', 'Yorker', 'yorker.weekly@live.fr', '(208) 748-9322', '24'),
('25', 'Tuerena', 'Sheilakathryn', 'sheilakathryn.tuerena@hotmail.com', '(865) 707-2454', '25'),
('26', 'Tilford', 'Brigid', 'brigid.tilford@wanadoo.fr', '(919) 629-0978', '26'),
('27', 'Raddin', 'Rosanna', 'rosanna.raddin@yahoo.com', '(801) 645-5667', '27'),
('28', 'Coules', 'Almeta', 'almeta.coules@yahoo.com', '(901) 578-1087', '28'),
('29', 'Tether', 'Annmaria', 'annmaria.tether@bigpond.com', '(214) 295-5021', '29'),
('30', 'Raubheim', 'Thomas', 'thomas.raubheim@gmail.com', '(702) 706-7513', '30'),
('31', 'Skudder', 'Leodora', 'leodora.skudder@gmail.com', '(682) 747-4102', '31'),
('32', 'Henricsson', 'Valentin', 'valentin.henricsson@hotmail.com', '(915) 409-7156', '32'),
('33', 'Kobierra', 'Constancy', 'constancy.kobierra@yahoo.com', '(702) 821-9325', '33'),
('34', 'Lindeboom', 'Georgette', 'georgette.lindeboom@gmail.com', '(719) 973-0282', '34'),
('35', 'Keal', 'Lonny', 'lonny.keal@gmail.com', '(360) 379-3057', '35'),
('36', 'Titchener', 'Johnathon', 'johnathon.titchener@yahoo.com', '(443) 021-7464', '36'),
('37', 'Imos', 'Ranice', 'ranice.imos@gmail.com', '(915) 649-3890', '37'),
('38', 'Grishagin', 'Cassie', 'cassie.grishagin@yahoo.co.uk', '(316) 600-9211', '38'),
('39', 'Richemont', 'Windham', 'windham.richemont@yahoo.com', '(214) 901-5489', '39'),
('40', 'Paige', 'Andy', 'andy.paige@laposte.net', '(949) 522-2899', '40'),
('41', 'Atthowe', 'Rosalie', 'rosalie.atthowe@hotmail.com', '(816) 848-2250', '41'),
('42', 'Hamblyn', 'Orton', 'orton.hamblyn@hotmail.com', '(765) 618-0021', '42'),
('43', 'L''oiseau', 'Aluino', 'aluino.loiseau@yahoo.com', '(714) 717-2028', '43'),
('44', 'Trusslove', 'Aurel', 'aurel.trusslove@yahoo.com', '(406) 812-6854', '44'),
('45', 'Mundle', 'Margalit', 'margalit.mundle@yahoo.co.uk', '(330) 909-6200', '45'),
('46', 'Berkowitz', 'Fleming', 'fleming.berkowitz@wanadoo.fr', '(702) 838-1523', '46'),
('47', 'Dowding', 'Lutero', 'lutero.dowding@hotmail.fr', '(239) 495-9825', '47'),
('48', 'David', 'Leese', 'leese.david@gmail.com', '(253) 181-8470', '48'),
('49', 'Mesant', 'Gearalt', 'gearalt.mesant@gmail.com', '(406) 787-9920', '49'),
('50', 'Late', 'Aksel', 'aksel.late@hotmail.com', '(208) 524-2913', '50'),
('51', 'Hearsey', 'Juieta', 'juieta.hearsey@yahoo.com', '(816) 943-4096', '51'),
('52', 'Andryszczak', 'Axe', 'axe.andryszczak@yahoo.com', '(904) 143-3835', '52'),
('53', 'Tinghill', 'Gardiner', 'gardiner.tinghill@gmail.com', '(502) 616-7277', '53'),
('54', 'Collacombe', 'Morey', 'morey.collacombe@terra.com.br', '(704) 225-4555', '54'),
('55', 'Alsina', 'Marcelo', 'marcelo.alsina@gmail.com', '(281) 944-1723', '55'),
('56', 'Caberas', 'Viv', 'viv.caberas@freenet.de', '(626) 669-0880', '56'),
('57', 'Kainz', 'Toddie', 'toddie.kainz@windstream.net', '(412) 455-9162', '57'),
('58', 'Scarsbrooke', 'Akim', 'akim.scarsbrooke@yahoo.co.in', '(586) 335-6955', '58'),
('59', 'Carren', 'Bentley', 'bentley.carren@hotmail.com', '(920) 836-0626', '59'),
('60', 'Drife', 'Saraann', 'saraann.drife@hotmail.com', '(516) 226-3123', '60'),
('61', 'Cheesley', 'Martha', 'martha.cheesley@aol.com', '(806) 357-7773', '61'),
('62', 'Ventura', 'Tess', 'tess.ventura@hotmail.fr', '(727) 066-0478', '62'),
('63', 'Kigelman', 'Aura', 'aura.kigelman@aol.com', '(352) 031-9645', '63'),
('64', 'McElwee', 'Wandie', 'wandie.mcelwee@yahoo.com', '(702) 041-8637', '64'),
('65', 'Kerley', 'Felicdad', 'felicdad.kerley@hotmail.com', '(702) 855-9261', '65'),
('66', 'Ricker', 'Judy', 'judy.ricker@hotmail.com', '(716) 085-9978', '66'),
('67', 'Donati', 'Hetti', 'hetti.donati@hotmail.com', '(706) 614-2443', '67'),
('68', 'Depka', 'Minne', 'minne.depka@yahoo.com', '(404) 936-0663', '68'),
('69', 'Reville', 'Pooh', 'pooh.reville@yahoo.com', '(812) 625-2189', '69'),
('70', 'Sanney', 'Stephanie', 'stephanie.sanney@gmail.com', '(904) 159-0492', '70'),
('71', 'Chevers', 'Ransom', 'ransom.chevers@hotmail.com', '(928) 069-5512', '71'),
('72', 'Riddle', 'Arlyn', 'arlyn.riddle@hotmail.com', '(202) 780-5868', '72'),
('73', 'Chapelle', 'Christal', 'christal.chapelle@hotmail.com', '(504) 451-9284', '73'),
('74', 'Edwardson', 'Ramon', 'ramon.edwardson@yahoo.com', '(785) 474-3814', '74'),
('75', 'Bazire', 'Lana', 'lana.bazire@gmail.com', '(573) 611-9120', '75'),
('76', 'Mowlam', 'Doyle', 'doyle.mowlam@gmail.com', '(682) 534-5249', '76'),
('77', 'Marrable', 'Damaris', 'damaris.marrable@gmail.com', '(501) 320-6875', '77'),
('78', 'Kamall', 'Olive', 'olive.kamall@msn.com', '(334) 645-4423', '78'),
('79', 'Duester', 'Bertha', 'bertha.duester@gmail.com', '(801) 806-7828', '79'),
('80', 'Averies', 'Isidor', 'isidor.averies@gmail.com', '(312) 526-5883', '80'),
('81', 'Doornbos', 'Koenraad', 'koenraad.doornbos@yahoo.com', '(509) 364-3081', '81'),
('82', 'Woolard', 'Nathanael', 'nathanael.woolard@hotmail.com', '(915) 310-7705', '82'),
('83', 'Guilbert', 'Gerhardt', 'gerhardt.guilbert@hotmail.com', '(323) 938-7746', '83'),
('84', 'Tumilty', 'Cordelia', 'cordelia.tumilty@yahoo.es', '(585) 459-8868', '84'),
('85', 'De Cruz', 'Kirsteni', 'kirsteni.decruz@gmail.com', '(585) 172-1568', '85'),
('86', 'Bann', 'Hildagarde', 'hildagarde.bann@shaw.ca', '(305) 014-3573', '86'),
('87', 'Tremblett', 'Binni', 'binni.tremblett@aol.com', '(843) 765-4295', '87'),
('88', 'Yukhtin', 'Anita', 'anita.yukhtin@yahoo.com', '(304) 876-7027', '88'),
('89', 'Domnick', 'Gaynor', 'gaynor.domnick@gmail.com', '(608) 207-0332', '89'),
('90', 'Selliman', 'Colas', 'colas.selliman@hotmail.com', '(505) 687-4646', '90'),
('91', 'Watts', 'Sara', 'sara.watts@yahoo.com', '(918) 086-0465', '91'),
('92', 'Kahane', 'Tierney', 'tierney.kahane@free.fr', '(402) 973-2001', '92'),
('93', 'Wraighte', 'Stan', 'stan.wraighte@gmail.com', '(806) 903-9223', '93'),
('94', 'Milliken', 'Hinda', 'hinda.milliken@gmail.com', '(229) 498-7352', '94'),
('95', 'Mullett', 'Weider', 'weider.mullett@hotmail.com', '(678) 882-6682', '95'),
('96', 'Onthank', 'Rivy', 'rivy.onthank@hotmail.com', '(517) 510-7577', '96'),
('97', 'Tribell', 'Yves', 'yves.tribell@gmail.com', '(804) 962-7863', '97'),
('98', 'Sisselot', 'Mira', 'mira.sisselot@orange.fr', '(903) 556-6954', '98'),
('99', 'Flanigan', 'Constantin', 'constantin.flanigan@gmail.com', '(706) 750-0912', '99'),
('100', 'Verlander', 'Erin', 'erin.verlander@chello.nl', '(912) 866-9611', '100');



INSERT INTO invoices (invoice_id, vendor_id, invoice_number, invoice_date, invoice_total, terms, invoice_due_date, payment_date) VALUES
('1', '42', '55004', '2024-06-25 21:38:02', '4454.70', 'Net 45 days', '2024-06-27 02:23:16', '2024-06-28 19:52:36'),
('2', '9', '29383', '2024-10-01 08:03:22', '4458.46', 'Net 15 days', '2024-10-01 22:52:26', NULL),
('3', '83', '16208', '2024-05-17 21:35:06', '5071.76', 'Cash on delivery', '2024-05-23 17:48:46', '2024-05-29 16:09:03'),
('4', '49', '67820', '2024-05-19 09:40:46', '5948.43', 'Prepayment required', '2024-05-22 08:06:47', '2024-05-27 15:14:52'),
('5', '52', '50434', '2025-01-09 16:55:46', '5033.93', 'Due upon receipt', '2025-01-14 17:40:39', '2025-01-15 12:12:58'),
('6', '17', '14977', '2024-10-05 18:54:14', '4141.37', 'Net 90 days', '2024-10-06 20:51:42', NULL),
('7', '18', '41790', '2024-03-13 22:41:21', '4099.82', 'Net 30 days', '2024-03-16 07:28:55', '2024-03-19 16:23:27'),
('8', '58', '54475', '2024-09-25 14:51:30', '4660.90', 'Cash on delivery', '2024-09-30 20:12:04', '2024-10-09 09:38:42'),
('9', '89', '50931', '2025-02-13 17:01:21', '5316.88', 'Due upon receipt', '2025-02-19 16:57:08', '2025-02-26 10:54:42'),
('10', '67', '67128', '2025-02-14 10:54:57', '5971.37', 'Net 45 days', '2025-02-21 07:30:42', '2025-02-22 07:50:49'),
('11', '57', '37495', '2024-09-11 01:09:43', '4462.95', 'EOM (End of Month)', '2024-09-15 21:47:20', '2024-09-21 20:30:01'),
('12', '32', '4477', '2024-04-30 02:06:19', '4614.60', 'Net 90 days', '2024-05-01 18:54:07', NULL),
('13', '20', '38776', '2024-05-28 13:03:50', '4207.31', 'Prepayment required', '2024-05-31 07:49:02', '2024-06-02 04:41:30'),
('14', '72', '76805', '2024-10-30 15:34:40', '5973.19', 'Net 45 days', '2024-11-03 03:17:05', '2024-11-10 15:07:52'),
('15', '40', '57487', '2025-02-27 09:01:36', '5682.93', 'Net 15 days', '2025-02-28 06:54:22', NULL),
('16', '93', '17801', '2024-03-29 18:15:39', '4837.99', 'Prepayment required', '2024-04-07 01:09:03', '2024-04-16 07:36:29'),
('17', '90', '34242', '2025-02-08 15:05:02', '6204.52', 'Net 30 days', '2025-02-16 06:02:36', '2025-02-19 14:03:05'),
('18', '62', '40537', '2024-08-12 22:00:12', '4112.57', 'Net 45 days', '2024-08-13 20:29:50', '2024-08-23 03:40:50'),
('19', '28', '36330', '2024-05-13 21:20:58', '5084.70', 'Net 90 days', '2024-05-15 12:16:24', NULL),
('20', '30', '89428', '2024-03-20 14:38:26', '5483.10', 'Cash on delivery', '2024-03-22 07:36:01', '2024-03-27 22:26:01'),
('21', '87', '3000', '2024-03-05 03:14:28', '5578.55', 'Net 15 days', '2024-03-13 02:34:08', NULL),
('22', '59', '10718', '2024-09-20 08:06:13', '4250.75', 'Prepayment required', '2024-09-29 08:52:35', '2024-10-04 12:45:29'),
('23', '13', '88479', '2024-11-23 00:34:10', '5162.98', 'Net 90 days', '2024-11-25 15:35:34', '2024-11-27 05:55:33'),
('24', '80', '85952', '2024-09-07 08:50:15', '4451.54', 'Cash on delivery', '2024-09-10 22:22:30', '2024-09-13 14:27:20'),
('25', '95', '34730', '2024-09-18 19:52:20', '4230.74', 'Due upon receipt', '2024-09-19 18:28:01', NULL),
('26', '6', '28017', '2024-11-25 02:35:53', '4368.59', 'Net 30 days', '2024-11-25 05:07:01', '2024-11-25 19:22:05'),
('27', '73', '74779', '2024-04-12 11:17:12', '4766.19', 'Cash on delivery', '2024-04-12 21:38:52', '2024-04-19 03:06:29'),
('28', '11', '81617', '2024-08-10 02:37:34', '4406.03', 'EOM (End of Month)', '2024-08-11 22:33:38', '2024-08-21 00:19:30'),
('29', '66', '89633', '2024-09-13 15:30:22', '5070.55', 'Net 30 days', '2024-09-21 08:25:26', '2024-09-27 07:00:41'),
('30', '15', '80168', '2024-05-10 21:57:33', '5231.98', 'EOM (End of Month)', '2024-05-16 15:43:07', '2024-05-19 09:20:31'),
('31', '55', '58580', '2025-02-04 12:41:52', '4235.35', 'Cash on delivery', '2025-02-06 16:23:18', '2025-02-12 01:29:43'),
('32', '12', '96876', '2024-10-17 11:22:30', '4381.05', 'Net 15 days', '2024-10-18 05:59:48', '2024-10-21 22:17:59'),
('33', '14', '40296', '2024-11-03 01:05:03', '3819.82', 'Net 90 days', '2024-11-03 15:57:04', '2024-11-06 07:54:33'),
('34', '16', '98983', '2024-05-30 02:24:24', '4363.93', 'Net 45 days', '2024-06-08 13:58:34', '2024-06-11 03:33:02'),
('35', '88', '25069', '2024-12-17 16:20:20', '4571.01', 'Net 60 days', '2024-12-18 21:18:37', '2024-12-24 00:27:29'),
('36', '43', '2669', '2024-04-28 02:15:16', '3834.48', 'Cash on delivery', '2024-05-06 09:17:32', '2024-05-07 07:35:42'),
('37', '91', '24174', '2024-03-14 19:24:43', '5739.06', 'Net 60 days', '2024-03-15 19:16:56', '2024-03-24 11:36:16'),
('38', '69', '44344', '2024-08-12 05:17:26', '4725.71', 'Net 45 days', '2024-08-13 13:57:52', '2024-08-22 06:00:59'),
('39', '35', '56731', '2024-10-06 12:43:37', '5567.83', 'Cash on delivery', '2024-10-13 11:30:07', '2024-10-20 02:31:19'),
('40', '53', '44959', '2024-06-03 07:47:15', '5463.91', 'Prepayment required', '2024-06-09 05:38:58', '2024-06-17 16:20:54'),
('41', '82', '28645', '2024-04-19 14:20:02', '5688.24', 'EOM (End of Month)', '2024-04-26 00:39:11', '2024-05-02 21:55:02'),
('42', '2', '12756', '2024-05-04 16:16:16', '6037.68', 'Due upon receipt', '2024-05-11 13:39:11', '2024-05-14 10:58:47'),
('43', '79', '66844', '2024-06-24 17:25:51', '4213.94', 'Prepayment required', '2024-06-24 22:37:43', '2024-07-01 13:17:11'),
('44', '23', '14765', '2024-05-24 08:49:47', '4770.32', 'Net 90 days', '2024-06-02 06:51:08', '2024-06-11 07:50:43'),
('45', '86', '1523', '2024-11-16 13:50:07', '5785.48', 'Due upon receipt', '2024-11-22 00:45:32', NULL),
('46', '56', '470', '2025-02-02 02:26:46', '5749.64', 'Net 45 days', '2025-02-07 13:40:48', NULL),
('47', '3', '96992', '2024-10-04 13:41:42', '5471.57', 'Net 60 days', '2024-10-08 12:31:24', '2024-10-09 11:18:50'),
('48', '24', '37906', '2024-04-27 07:07:02', '4200.75', 'EOM (End of Month)', '2024-04-28 00:16:15', '2024-05-06 17:32:35'),
('49', '64', '18421', '2024-11-15 16:20:10', '5763.31', 'Net 15 days', '2024-11-22 21:51:18', NULL),
('50', '92', '58525', '2025-01-04 09:58:24', '4217.15', 'Net 15 days', '2025-01-09 02:00:18', '2025-01-18 17:26:48'),
('51', '100', '58216', '2024-05-06 14:22:28', '4951.02', 'Prepayment required', '2024-05-16 05:59:48', '2024-05-25 09:10:56'),
('52', '54', '55544', '2024-06-09 23:24:45', '6108.55', 'Prepayment required', '2024-06-16 06:11:51', '2024-06-19 06:36:07'),
('53', '7', '71218', '2024-09-12 07:07:08', '4036.64', 'Due upon receipt', '2024-09-17 10:41:41', '2024-09-26 05:22:08'),
('54', '76', '94070', '2024-07-03 19:38:37', '3971.11', 'Cash on delivery', '2024-07-04 05:38:39', '2024-07-11 01:00:47'),
('55', '60', '94316', '2024-08-12 16:49:42', '4610.60', 'Net 15 days', '2024-08-15 00:57:29', '2024-08-17 18:01:17'),
('56', '19', '24451', '2024-09-03 09:29:26', '4379.22', 'Net 30 days', '2024-09-09 14:42:36', '2024-09-12 13:33:10'),
('57', '38', '67515', '2024-03-11 13:07:54', '3795.44', 'EOM (End of Month)', '2024-03-17 10:19:57', '2024-03-23 20:02:44'),
('58', '25', '10238', '2024-06-12 03:12:59', '4508.60', 'Due upon receipt', '2024-06-16 15:56:25', '2024-06-19 05:58:26'),
('59', '61', '6581', '2024-05-02 01:45:17', '5125.43', 'Cash on delivery', '2024-05-07 12:01:36', NULL),
('60', '37', '90579', '2024-12-27 12:19:11', '4539.58', 'Net 15 days', '2025-01-03 07:24:32', '2025-01-08 03:00:14'),
('61', '46', '84868', '2024-10-13 15:32:32', '5153.33', 'Net 15 days', '2024-10-19 07:40:07', NULL),
('62', '99', '17055', '2024-12-22 11:38:41', '4434.81', 'Net 30 days', '2024-12-26 02:17:46', '2025-01-01 06:55:20'),
('63', '50', '54827', '2025-01-19 10:53:55', '4294.06', 'Net 90 days', '2025-01-21 22:48:16', '2025-01-28 01:44:47'),
('64', '70', '81302', '2024-07-19 22:22:17', '4719.33', 'Cash on delivery', '2024-07-21 05:59:37', NULL),
('65', '98', '96035', '2024-12-31 04:03:34', '6213.61', 'Prepayment required', '2025-01-04 12:02:19', '2025-01-08 16:11:06'),
('66', '4', '44347', '2024-08-14 14:37:13', '6224.02', 'Prepayment required', '2024-08-22 16:49:03', '2024-08-24 17:41:58'),
('67', '33', '91408', '2024-06-27 22:25:32', '5660.14', 'Net 15 days', '2024-07-01 07:44:00', '2024-07-04 04:36:55'),
('68', '10', '51492', '2024-09-03 09:07:10', '4726.23', 'Net 60 days', '2024-09-04 15:19:53', '2024-09-12 11:57:44'),
('69', '36', '7368', '2024-12-25 13:44:42', '3965.94', 'Due upon receipt', '2025-01-04 10:08:51', '2025-01-08 04:07:35'),
('70', '65', '13110', '2024-04-10 14:37:07', '5348.54', 'Cash on delivery', '2024-04-14 11:13:29', NULL),
('71', '22', '37052', '2024-06-06 05:03:06', '5749.99', 'Prepayment required', '2024-06-15 15:09:37', '2024-06-21 18:06:37'),
('72', '26', '77497', '2024-07-24 16:51:49', '6025.66', 'Due upon receipt', '2024-07-28 12:45:25', '2024-08-01 04:44:25'),
('73', '78', '69259', '2024-03-03 11:22:58', '5078.10', 'Net 30 days', '2024-03-07 07:54:10', '2024-03-11 21:04:25'),
('74', '68', '67905', '2024-08-20 08:01:50', '5791.31', 'Net 90 days', '2024-08-22 14:26:46', '2024-08-28 07:58:40'),
('75', '31', '31212', '2024-09-01 02:14:20', '4095.80', 'EOM (End of Month)', '2024-09-08 22:19:51', '2024-09-12 00:11:27'),
('76', '97', '85810', '2024-06-17 13:51:57', '5241.23', 'EOM (End of Month)', '2024-06-25 05:56:29', NULL),
('77', '94', '68390', '2024-08-16 14:13:45', '6022.77', 'Net 45 days', '2024-08-26 01:47:26', '2024-08-28 07:04:26'),
('78', '27', '99772', '2024-07-21 12:39:15', '4400.43', 'Prepayment required', '2024-07-29 07:21:32', '2024-08-04 18:18:42'),
('79', '21', '31502', '2024-10-04 08:46:55', '4744.03', 'Net 15 days', '2024-10-11 14:42:53', '2024-10-11 19:08:39'),
('80', '51', '6347', '2024-09-24 13:59:02', '5690.53', 'Prepayment required', '2024-09-29 05:57:55', '2024-10-08 15:26:18'),
('81', '47', '91956', '2024-10-01 09:02:44', '4602.46', 'EOM (End of Month)', '2024-10-05 00:45:32', '2024-10-05 14:42:55'),
('82', '96', '29442', '2025-01-27 17:19:46', '4586.62', 'Net 45 days', '2025-01-28 06:31:52', '2025-01-29 13:12:31'),
('83', '1', '53454', '2024-09-22 21:13:30', '4313.84', 'Due upon receipt', '2024-09-25 12:44:30', '2024-09-25 21:49:35'),
('84', '8', '62906', '2024-12-09 20:21:23', '5907.50', 'Due upon receipt', '2024-12-11 09:33:51', '2024-12-16 03:42:16'),
('85', '39', '64428', '2024-12-23 21:40:27', '4731.24', 'Net 45 days', '2025-01-02 03:53:17', '2025-01-03 08:50:24'),
('86', '81', '26936', '2024-04-25 05:44:39', '4090.74', 'Net 90 days', '2024-05-02 07:56:47', '2024-05-07 18:25:12'),
('87', '85', '70016', '2025-02-09 13:27:09', '4460.26', 'Net 60 days', '2025-02-09 17:39:14', NULL),
('88', '5', '22844', '2024-06-08 17:23:17', '6076.85', 'Cash on delivery', '2024-06-10 08:22:34', '2024-06-12 04:43:22'),
('89', '84', '95684', '2024-04-30 11:42:14', '4750.19', 'Cash on delivery', '2024-05-03 08:51:10', '2024-05-07 14:16:45'),
('90', '77', '72766', '2024-12-10 05:28:00', '4519.54', 'Net 90 days', '2024-12-16 04:51:42', '2024-12-18 23:03:28'),
('91', '34', '5795', '2024-03-01 17:48:26', '6013.22', 'Net 15 days', '2024-03-03 00:32:51', '2024-03-04 23:30:31'),
('92', '29', '80588', '2024-08-31 03:51:57', '4727.21', 'Net 45 days', '2024-09-01 04:11:20', '2024-09-06 01:57:18'),
('93', '48', '89541', '2024-04-09 17:44:32', '5598.41', 'Net 60 days', '2024-04-10 04:30:19', '2024-04-16 06:19:35'),
('94', '71', '10084', '2024-11-21 06:43:05', '5468.51', 'Net 45 days', '2024-11-21 13:35:45', '2024-12-01 08:22:36'),
('95', '74', '15520', '2025-02-26 06:11:56', '5143.42', 'Cash on delivery', '2025-03-07 14:54:57', NULL),
('96', '44', '26577', '2024-03-29 18:16:37', '5576.95', 'Net 30 days', '2024-04-05 18:58:55', '2024-04-09 07:18:29'),
('97', '45', '6823', '2024-06-30 23:06:25', '5590.20', 'Cash on delivery', '2024-07-05 11:37:09', '2024-07-13 19:10:39'),
('98', '41', '45498', '2024-06-03 23:48:41', '5446.55', 'Prepayment required', '2024-06-09 05:34:41', '2024-06-15 04:29:30'),
('99', '75', '64947', '2024-05-23 02:30:51', '5968.23', 'Net 45 days', '2024-05-28 19:43:11', '2024-05-29 00:49:24'),
('100', '63', '30455', '2024-09-16 21:31:58', '5798.23', 'EOM (End of Month)', '2024-09-19 02:04:03', '2024-09-25 22:52:58');


INSERT INTO orderdetails (order_detail_id, order_id, book_id, quantity, unit_price, update_date) VALUES
('1', '94', '59', '27', '40.71', '2025-02-26 01:16:48'),
('2', '42', '80', '38', '59.37', '2025-01-20 13:03:00'),
('3', '49', '72', '85', '45.22', '2024-06-01 21:55:12'),
('4', '91', '7', '50', '50.19', '2024-11-11 01:48:01'),
('5', '48', '38', '72', '58.77', '2025-01-11 13:33:02'),
('6', '27', '65', '12', '57.08', '2025-02-16 15:01:53'),
('7', '99', '35', '40', '59.06', '2025-01-25 17:05:04'),
('8', '60', '58', '83', '61.87', '2024-03-08 10:57:16'),
('9', '30', '13', '4', '52.52', '2024-11-12 04:33:05'),
('10', '50', '82', '33', '48.36', '2024-08-05 00:36:01'),
('11', '23', '56', '63', '60.38', '2024-10-30 04:54:19'),
('12', '96', '28', '47', '57.41', '2024-12-16 15:03:30'),
('13', '58', '26', '53', '58.26', '2024-03-20 22:46:49'),
('14', '24', '14', '83', '45.65', '2025-01-07 03:37:48'),
('15', '54', '32', '20', '52.81', '2024-11-04 23:10:26'),
('16', '22', '53', '93', '48.75', '2024-10-26 11:02:22'),
('17', '18', '71', '34', '58.23', '2024-03-10 05:06:29'),
('18', '95', '17', '81', '50.87', '2024-04-16 22:45:13'),
('19', '74', '27', '29', '45.68', '2024-05-24 14:56:05'),
('20', '77', '95', '69', '53.23', '2024-10-05 03:31:45'),
('21', '40', '39', '41', '40.45', '2024-09-03 01:09:35'),
('22', '66', '100', '10', '58.86', '2024-06-19 14:37:34'),
('23', '67', '76', '54', '55.57', '2024-09-24 23:47:17'),
('24', '70', '50', '91', '37.94', '2025-01-24 13:29:34'),
('25', '59', '74', '36', '61.25', '2024-11-27 21:30:23'),
('26', '32', '62', '39', '44.58', '2024-05-06 11:38:55'),
('27', '35', '54', '44', '37.35', '2024-10-12 07:34:57'),
('28', '75', '33', '16', '54.98', '2025-02-22 08:56:26'),
('29', '64', '67', '87', '60.16', '2024-11-29 03:46:32'),
('30', '41', '75', '23', '37.61', '2025-01-21 12:20:26'),
('31', '84', '29', '44', '49.34', '2025-01-30 01:30:44'),
('32', '6', '92', '25', '41.25', '2024-12-31 07:41:25'),
('33', '100', '40', '62', '38.85', '2024-07-22 02:05:07'),
('34', '31', '81', '39', '45.64', '2025-02-10 23:08:25'),
('35', '87', '69', '31', '61.86', '2025-02-19 22:25:43'),
('36', '37', '15', '57', '58.07', '2024-06-25 23:44:19'),
('37', '80', '10', '74', '43.60', '2025-01-08 05:27:39'),
('38', '45', '85', '30', '58.11', '2025-01-11 10:03:36'),
('39', '88', '70', '53', '41.08', '2025-01-06 20:16:35'),
('40', '15', '36', '63', '44.46', '2025-01-01 16:20:34'),
('41', '39', '57', '63', '40.47', '2025-02-27 17:36:39'),
('42', '7', '61', '89', '49.55', '2024-06-27 17:31:33'),
('43', '86', '64', '98', '39.63', '2024-08-20 23:43:04'),
('44', '65', '73', '45', '44.77', '2024-11-01 09:34:43'),
('45', '8', '16', '74', '53.40', '2024-09-17 08:46:28'),
('46', '56', '51', '50', '40.22', '2024-08-19 13:10:18'),
('47', '76', '44', '30', '41.44', '2024-04-04 00:36:47'),
('48', '25', '91', '66', '46.45', '2024-11-19 23:05:27'),
('49', '28', '66', '94', '49.59', '2025-01-01 01:17:53'),
('50', '90', '47', '27', '37.18', '2024-10-03 12:47:51'),
('51', '89', '31', '43', '52.51', '2025-01-06 04:51:04'),
('52', '85', '8', '94', '48.88', '2025-01-19 15:41:45'),
('53', '11', '19', '38', '44.59', '2024-04-14 05:22:29'),
('54', '38', '79', '34', '57.78', '2024-07-18 09:50:29'),
('55', '4', '90', '59', '55.60', '2024-11-12 22:26:09'),
('56', '79', '6', '49', '44.48',  '2025-01-16 16:29:32'),
('57', '5', '3', '25', '55.93', '2024-04-28 18:12:51'),
('58', '19', '94', '56', '60.42', '2024-05-05 15:43:49'),
('59', '73', '63', '73', '57.41', '2025-02-25 03:26:34'),
('60', '93', '49', '44', '41.81', '2025-01-23 19:25:39'),
('61', '29', '60', '61', '50.65', '2024-04-25 11:06:02'),
('62', '44', '2', '15', '40.98', '2024-12-09 02:16:55'),
('63', '21', '45', '61', '50.38', '2024-10-27 16:13:20'),
('64', '17', '24', '2', '41.71',  '2024-06-23 17:20:21'),
('65', '9', '88', '3', '47.45', '2024-04-05 15:11:20'),
('66', '78', '22', '87', '59.66', '2025-01-19 05:09:06'),
('67', '43', '84', '94', '61.43', '2024-10-08 11:50:22'),
('68', '26', '96', '90', '57.74', '2024-10-19 19:32:44'),
('69', '61', '77', '24', '61.10', '2024-11-07 17:33:20'),
('70', '81', '89', '48', '37.29', '2024-10-13 08:05:02'),
('71', '2', '93', '16', '53.84', '2024-11-29 02:30:53'),
('72', '3', '21', '44', '59.43', '2025-02-07 06:39:30'),
('73', '46', '98', '60', '42.31', '2024-03-11 15:52:03'),
('74', '20', '43', '63', '45.04', '2024-05-19 12:53:44'),
('75', '36', '30', '34', '59.97', '2024-11-29 00:32:45'),
('76', '1', '25', '67', '52.51', '2024-06-04 05:53:29'),
('77', '47', '5', '83', '60.83', '2024-10-05 05:07:12'),
('78', '55', '34', '74', '59.91', '2024-07-18 10:50:36'),
('79', '83', '97', '61', '53.87', '2024-12-14 08:32:07'),
('80', '68', '99', '96', '40.18', '2024-10-07 01:17:21'),
('81', '33', '87', '36', '41.90', '2024-11-19 08:45:07'),
('82', '10', '1', '31', '40.18', '2024-06-01 05:28:01'),
('83', '71', '9', '50', '59.03', '2024-12-12 10:40:27'),
('84', '92', '78', '85', '53.26', '2024-04-08 18:41:37'),
('85', '13', '41', '26', '39.27', '2024-12-02 13:55:07'),
('86', '69', '55', '44', '40.71', '2024-10-22 16:52:06'),
('87', '82', '42', '98', '52.97', '2024-03-28 10:49:00'),
('88', '97', '18', '16', '57.44', '2024-05-20 10:03:45'),
('89', '57', '83', '21', '53.15', '2024-11-21 02:02:46'),
('90', '51', '48', '59', '46.14', '2024-06-20 02:26:53'),
('91', '63', '12', '92', '42.48', '2024-05-02 07:54:31'),
('92', '34', '46', '2', '38.30', '2025-01-28 06:09:11'),
('93', '53', '52', '61', '38.08', '2024-12-06 17:19:14'),
('94', '52', '11', '87', '43.57', '2025-02-26 18:45:17'),
('95', '12', '86', '47', '43.99', '2024-10-02 07:28:58'),
('96', '72', '4', '54', '41.96', '2024-11-30 10:30:00'),
('97', '14', '23', '34', '51.26', '2025-02-25 14:06:47'),
('98', '98', '68', '56', '49.91', '2024-08-31 14:35:43'),
('99', '62', '37', '8', '50.39', '2024-05-05 13:20:03'),
('100', '16', '20', '18', '49.55', '2024-11-14 23:24:44');

INSERT INTO `bks`.`Orders` (order_id, customer_id, order_date, status) VALUES
(1, 96, '2024-08-01 03:53:36', 'Processing'),
(2, 63, '2024-05-11 21:13:42', 'Processing'),
(3, 26, '2024-06-30 01:30:47', 'Processing'),
(4, 62, '2024-07-22 19:59:22', 'Processing'),
(5, 69, '2024-10-12 23:11:55', 'Processing'),
(6, 12, '2024-12-26 06:19:50', 'Returned'),
(7, 4, '2024-04-01 09:20:50', 'Pending'),
(8, 84, '2024-03-24 06:24:48', 'Processing'),
(9, 57, '2024-10-21 21:08:52', 'Pending'),
(10, 46, '2025-01-04 18:33:01', 'Processing'),
(11, 50, '2024-11-02 23:35:46', 'Pending'),
(12, 14, '2024-10-23 19:00:33', 'Refunded'),
(13, 43, '2024-07-04 18:27:37', 'Returned'),
(14, 20, '2024-11-23 08:52:49', 'Pending'),
(15, 58, '2024-11-30 02:09:23', 'Canceled'),
(16, 88, '2025-02-24 02:42:25', 'Refunded'),
(17, 34, '2024-11-28 18:46:27', 'Delivered'),
(18, 85, '2024-06-11 05:17:08', 'Processing'),
(19, 24, '2025-02-22 20:50:32', 'Delivered'),
(20, 89, '2024-03-21 15:54:26', 'Refunded'),
(21, 93, '2024-03-04 05:08:58', 'Processing'),
(22, 38, '2024-04-27 18:42:11', 'Processing'),
(23, 83, '2024-10-24 13:09:14', 'Delivered'),
(24, 1, '2024-03-21 07:20:47', 'Processing'),
(25, 91, '2024-03-13 19:34:56', 'Canceled'),
(26, 30, '2025-02-14 08:51:19', 'Processing'),
(27, 21, '2024-12-11 07:47:40', 'Processing'),
(28, 29, '2024-08-31 04:32:17', 'Canceled'),
(29, 51, '2024-06-10 19:06:14', 'Pending'),
(30, 54, '2024-09-23 14:53:24', 'Pending'),
(31, 48, '2024-11-06 01:28:49', 'Pending'),
(32, 18, '2024-08-26 06:34:21', 'Delivered'),
(33, 10, '2024-12-11 10:05:59', 'Delivered'),
(34, 75, '2024-04-01 12:15:19', 'Delivered'),
(35, 6, '2025-01-28 00:47:46', 'Pending'),
(36, 56, '2024-04-29 22:47:16', 'Delivered'),
(37, 73, '2024-04-14 04:39:13', 'Delivered'),
(38, 37, '2024-08-10 10:21:03', 'Refunded'),
(39, 40, '2025-02-28 05:47:03', 'Processing'),
(40, 13, '2024-10-25 03:47:42', 'Delivered'),
(41, 28, '2024-09-03 02:13:50', 'Canceled'),
(42, 22, '2024-10-25 18:51:09', 'Processing'),
(43, 66, '2025-01-26 03:12:28', 'Processing'),
(44, 76, '2024-07-22 05:14:55', 'Refunded'),
(45, 2, '2024-10-22 04:10:41', 'Returned'),
(46, 79, '2025-01-10 02:25:43', 'Processing'),
(47, 86, '2025-02-26 17:22:17', 'Refunded'),
(48, 52, '2024-12-05 01:46:32', 'Delivered'),
(49, 87, '2024-08-22 19:33:56', 'Canceled'),
(50, 71, '2024-08-24 07:23:15', 'Refunded'),
(51, 39, '2024-04-23 10:04:18', 'Processing'),
(52, 98, '2024-11-24 23:45:03', 'Pending'),
(53, 94, '2024-06-18 12:02:22', 'Pending'),
(54, 68, '2024-04-08 20:19:19', 'Processing'),
(55, 41, '2024-08-27 04:04:51', 'Processing'),
(56, 27, '2024-02-29 09:39:18', 'Refunded'),
(57, 8, '2024-03-13 00:10:23', 'Pending'),
(58, 95, '2024-07-23 16:41:46', 'Processing'),
(59, 45, '2024-03-28 03:51:49', 'Returned'),
(60, 3, '2024-03-11 13:29:13', 'Processing'),
(61, 17, '2024-10-30 00:50:46', 'Canceled'),
(62, 7, '2024-12-21 23:06:40', 'Pending'),
(63, 60, '2024-06-23 05:53:59', 'Processing'),
(64, 55, '2024-09-12 06:04:12', 'Pending'),
(65, 72, '2024-11-29 15:13:57', 'Processing'),
(66, 44, '2024-05-14 10:32:30', 'Delivered'),
(67, 53, '2025-01-17 00:32:28', 'Processing'),
(68, 70, '2024-11-05 09:46:39', 'Refunded'),
(69, 92, '2024-07-27 23:18:01', 'Returned'),
(70, 81, '2024-12-22 18:37:12', 'Returned'),
(71, 67, '2024-08-25 11:21:56', 'Processing'),
(72, 36, '2025-02-08 09:47:53', 'Pending'),
(73, 100, '2024-04-20 00:05:52', 'Pending'),
(74, 80, '2024-04-23 05:39:33', 'Processing'),
(75, 97, '2024-08-16 22:20:47', 'Pending'),
(76, 42, '2024-10-31 05:17:52', 'Processing'),
(77, 47, '2024-09-09 03:27:40', 'Refunded'),
(78, 90, '2025-02-27 06:43:27', 'Pending'),
(79, 65, '2024-05-18 13:11:10', 'Returned'),
(80, 31, '2024-04-02 04:59:55', 'Pending'),
(81, 25, '2025-01-13 07:54:04', 'Delivered'),
(82, 11, '2024-06-04 03:22:01', 'Refunded'),
(83, 82, '2025-01-17 09:52:43', 'Pending'),
(84, 77, '2024-04-03 00:31:28', 'Pending'),
(85, 33, '2024-03-08 08:26:51', 'Canceled'),
(86, 74, '2024-05-11 22:22:48', 'Delivered'),
(87, 32, '2024-09-08 09:18:50', 'Returned'),
(88, 23, '2024-05-05 04:58:00', 'Pending'),
(89, 5, '2024-03-05 09:41:58', 'Delivered'),
(90, 19, '2024-09-27 01:47:19', 'Delivered'),
(91, 16, '2024-06-18 07:52:24', 'Pending'),
(92, 15, '2024-11-29 12:11:36', 'Processing'),
(93, 59, '2024-04-14 13:46:09', 'Delivered'),
(94, 9, '2024-04-23 12:06:12', 'Processing'),
(95, 64, '2024-09-11 06:25:33', 'Returned'),
(96, 35, '2024-10-19 08:52:20', 'Canceled'),
(97, 61, '2024-06-13 16:16:30', 'Canceled'),
(98, 99, '2024-10-19 09:33:04', 'Delivered'),
(99, 78, '2024-04-13 18:41:25', 'Delivered'),
(100, 49, '2024-12-14 08:38:11', 'Delivered');

INSERT INTO payments (payment_id, order_id, payment_date, amount, payment_method, transaction_id) VALUES
('1', '86', '2024-11-18 14:28:45', '501.57', 'Cash', 'IUC-3579-LM'),
('2', '62', '2024-06-02 17:25:27', '550.81', 'Apple Pay', 'LDN-8194-YN'),
('3', '48', '2025-02-12 08:10:48', '622.71', 'Debit Card', 'RTX-2837-UC'),
('4', '85', '2024-04-25 09:29:16', '406.99', 'PayPal', 'CHH-0322-CM'),
('5', '94', '2025-01-14 14:29:15', '405.15', 'Cash', 'XMF-4023-HQ'),
('6', '34', '2024-05-01 08:06:18', '553.91', 'Google Pay', 'RBO-2790-BN'),
('7', '74', '2024-11-25 10:24:01', '381.64', 'Debit Card', 'LKR-9127-HG'),
('8', '11', '2024-06-01 08:57:17', '395.52', 'Debit Card', 'BKW-9488-VP'),
('9', '50', '2024-04-01 06:58:44', '544.55', 'Credit Card', 'NSO-7409-FS'),
('10', '59', '2024-12-10 06:03:41', '552.76', 'Debit Card', 'SCO-1288-XE'),
('11', '99', '2024-06-15 15:15:28', '488.90', 'Cash', 'YEI-3077-QG'),
('12', '36', '2024-05-04 00:55:24', '474.40', 'Google Pay', 'OYF-3606-TZ'),
('13', '7', '2024-11-14 06:46:38', '599.18', 'Google Pay', 'SFG-6158-VU'),
('14', '75', '2025-01-21 09:04:02', '606.78', 'Apple Pay', 'FFT-0591-KM'),
('15', '63', '2024-08-31 09:56:22', '480.23', 'PayPal', 'MZY-3504-BQ'),
('16', '79', '2024-07-15 14:35:25', '423.85', 'Cash', 'IRR-2679-TF'),
('17', '1', '2025-01-30 12:48:37', '441.28', 'Apple Pay', 'APY-4370-AV'),
('18', '10', '2024-05-06 06:42:26', '390.99', 'Debit Card', 'MQY-5289-PZ'),
('19', '17', '2024-11-06 07:52:39', '538.97', 'Bank Transfer', 'VOS-1866-OP'),
('20', '26', '2025-01-26 04:31:13', '453.10', 'PayPal', 'JPM-9232-MK'),
('21', '65', '2024-09-27 13:30:33', '440.11', 'PayPal', 'YVO-8503-AL'),
('22', '67', '2024-10-14 22:03:08', '624.96', 'Bank Transfer', 'WLG-3454-MD'),
('23', '92', '2024-12-02 12:12:27', '399.51', 'Apple Pay', 'WZD-0474-YP'),
('24', '18', '2024-09-03 07:31:00', '617.38', 'Bank Transfer', 'FLF-5478-NS'),
('25', '56', '2024-08-22 19:01:21', '609.81', 'Cash', 'CPL-6210-NQ'),
('26', '76', '2024-08-18 03:13:16', '459.56', 'Apple Pay', 'DLL-4701-UO'),
('27', '12', '2024-12-27 18:14:01', '556.13', 'Cash', 'SCC-5482-AZ'),
('28', '89', '2025-02-11 21:45:00', '615.57', 'Apple Pay', 'RCT-8491-GN'),
('29', '2', '2024-09-20 18:39:22', '583.88', 'Credit Card', 'QYM-1148-QG'),
('30', '73', '2024-08-18 19:19:03', '612.75', 'Google Pay', 'HED-8103-PH'),
('31', '69', '2024-04-18 13:43:15', '580.13', 'Cash', 'OIN-7567-PP'),
('32', '45', '2024-10-13 12:49:52', '503.85', 'Credit Card', 'ZNT-1370-KL'),
('33', '68', '2024-03-22 21:44:59', '598.27', 'PayPal', 'ITZ-6670-BZ'),
('34', '15', '2024-03-30 23:58:36', '424.40', 'Bank Transfer', 'WTJ-5678-OH'),
('35', '72', '2025-02-06 16:53:31', '614.68', 'Cash', 'OIR-4094-ZO'),
('36', '54', '2024-08-13 15:17:21', '492.31', 'Apple Pay', 'JAD-4250-YH'),
('37', '53', '2024-04-05 19:11:06', '539.01', 'Cash', 'YTL-8447-GN'),
('38', '58', '2024-04-01 04:29:23', '520.27', 'Bank Transfer', 'CMA-0091-WQ'),
('39', '40', '2024-10-06 19:28:17', '499.98', 'PayPal', 'XCN-8412-YA'),
('40', '60', '2024-09-30 19:45:44', '377.73', 'Cash', 'EUH-0715-SX'),
('41', '96', '2025-02-04 16:15:38', '480.40', 'Apple Pay', 'YZB-8421-YU'),
('42', '16', '2025-02-04 03:23:14', '490.68', 'Bank Transfer', 'SGO-4740-EJ'),
('43', '19', '2024-08-07 16:48:27', '520.11', 'Apple Pay', 'MZN-8961-BY'),
('44', '71', '2024-06-10 14:52:54', '438.46', 'Bank Transfer', 'UQQ-2709-JC'),
('45', '42', '2024-05-31 18:01:50', '584.78', 'Cash', 'SFF-7534-ML'),
('46', '44', '2024-10-15 10:36:35', '442.71', 'Cash', 'DEP-4863-KX'),
('47', '30', '2024-06-12 20:23:56', '550.84', 'Credit Card', 'CYW-6801-GU'),
('48', '90', '2024-12-23 06:52:32', '432.01', 'Debit Card', 'GJN-4039-UE'),
('49', '3', '2024-04-24 23:23:27', '417.14', 'Cash', 'WJS-2584-HV'),
('50', '100', '2024-12-06 15:56:48', '490.89', 'PayPal', 'HMB-9928-JZ'),
('51', '49', '2024-08-05 17:09:50', '485.81', 'Cash', 'LQP-2599-TN'),
('52', '9', '2024-06-20 22:58:07', '390.02', 'Google Pay', 'KXP-0016-FD'),
('53', '55', '2025-01-13 23:15:12', '446.08', 'Apple Pay', 'YIO-0947-JC'),
('54', '25', '2024-05-04 09:37:30', '541.03', 'Bank Transfer', 'SRN-8690-YF'),
('55', '24', '2024-04-18 23:32:21', '386.85', 'PayPal', 'GES-9580-AC'),
('56', '37', '2024-05-20 10:47:46', '564.54', 'Debit Card', 'YXM-8749-KP'),
('57', '13', '2024-07-15 21:45:35', '477.55', 'Apple Pay', 'TBV-0375-LT'),
('58', '22', '2024-05-04 08:07:42', '460.41', 'Bank Transfer', 'GAU-0471-UF'),
('59', '31', '2024-03-31 13:59:35', '533.46', 'PayPal', 'SMF-9364-BX'),
('60', '84', '2025-02-06 00:38:05', '397.94', 'Bank Transfer', 'KSC-9202-ST'),
('61', '21', '2024-06-28 20:21:27', '514.84', 'Bank Transfer', 'KCA-0892-HW'),
('62', '70', '2025-02-16 20:53:58', '570.09', 'Apple Pay', 'DHX-0890-HE'),
('63', '6', '2024-07-09 23:34:03', '501.36', 'Debit Card', 'DFU-3472-SU'),
('64', '29', '2024-03-07 09:37:37', '610.54', 'Cash', 'CNP-3678-OM'),
('65', '14', '2024-10-30 12:14:51', '554.72', 'PayPal', 'ASJ-1525-AD'),
('66', '61', '2024-12-18 22:04:57', '528.11', 'Cash', 'EAG-4668-KY'),
('67', '98', '2024-03-25 01:19:13', '445.13', 'Apple Pay', 'BUY-8745-YH'),
('68', '77', '2024-06-18 06:40:26', '587.12', 'Debit Card', 'GJZ-7259-AK'),
('69', '32', '2024-06-17 10:09:22', '496.02', 'Credit Card', 'WJV-9970-GB'),
('70', '43', '2024-12-12 04:32:16', '387.31', 'Credit Card', 'PNO-0222-HT'),
('71', '41', '2024-12-12 20:17:10', '608.80', 'Google Pay', 'EVU-3716-RB'),
('72', '81', '2024-04-14 19:04:08', '466.45', 'Apple Pay', 'EXV-4297-YP'),
('73', '91', '2024-03-19 21:17:05', '476.84', 'PayPal', 'FZE-4965-HN'),
('74', '27', '2024-12-11 05:30:07', '497.45', 'Cash', 'ARH-7012-NI'),
('75', '80', '2024-06-14 17:04:55', '435.66', 'PayPal', 'KBU-8015-QU'),
('76', '8', '2024-08-14 22:32:11', '557.33', 'Google Pay', 'DSQ-7292-PR'),
('77', '82', '2024-11-11 22:37:57', '392.37', 'Credit Card', 'DZC-3800-FZ'),
('78', '23', '2025-02-21 17:25:56', '540.48', 'Bank Transfer', 'HXT-8130-FW'),
('79', '87', '2024-09-03 15:57:48', '488.50', 'PayPal', 'ENF-7760-CN'),
('80', '78', '2024-06-03 15:04:34', '452.87', 'Cash', 'ZNJ-3065-FR'),
('81', '64', '2024-11-21 02:57:25', '607.61', 'Apple Pay', 'VFD-9015-QL'),
('82', '5', '2024-07-21 04:57:31', '495.67', 'Credit Card', 'LMQ-0908-VB'),
('83', '46', '2024-12-12 19:06:26', '485.03', 'Credit Card', 'KAQ-4928-RL'),
('84', '47', '2024-09-30 14:21:18', '601.42', 'PayPal', 'AAG-1354-IR'),
('85', '20', '2024-08-31 23:04:18', '598.76', 'Debit Card', 'JWS-8842-VU'),
('86', '52', '2024-05-22 23:53:56', '586.82', 'Debit Card', 'XJQ-8246-XF'),
('87', '39', '2025-01-20 07:14:56', '524.84', 'Credit Card', 'WRQ-8906-OX'),
('88', '28', '2024-05-23 21:27:16', '470.02', 'Google Pay', 'YWS-4768-VS'),
('89', '35', '2024-09-21 21:36:17', '409.04', 'Debit Card', 'QHY-6223-CH'),
('90', '38', '2024-03-14 02:07:23', '533.24', 'Bank Transfer', 'HPH-1645-NC'),
('91', '83', '2024-12-02 04:56:04', '556.05', 'Apple Pay', 'NJM-7415-LZ'),
('92', '88', '2024-04-15 11:35:57', '396.29', 'Credit Card', 'AEU-4413-NX'),
('93', '33', '2024-07-10 18:22:10', '387.99', 'Bank Transfer', 'EQA-1658-PN'),
('94', '95', '2025-02-22 11:52:31', '473.85', 'Credit Card', 'PDT-2748-OR'),
('95', '57', '2024-12-02 21:14:07', '401.14', 'Debit Card', 'ZER-8498-TN'),
('96', '4', '2024-04-03 02:58:48', '540.84', 'Google Pay', 'QLM-9228-EJ'),
('97', '93', '2025-02-17 22:51:15', '510.84', 'Google Pay', 'LYW-3137-AN'),
('98', '97', '2024-12-12 12:29:55', '589.32', 'Bank Transfer', 'REF-9956-JL'),
('99', '51', '2025-02-15 11:48:01', '410.81', 'PayPal', 'YUX-4786-FR'),
('100', '66', '2025-01-08 14:37:11', '446.82', 'Bank Transfer', 'VSR-3947-QS');


INSERT INTO publishers (publisher_id, name, address_id, contact_email, contact_phone) VALUES
('1', 'Penguin Random House', '200', 'cointon.blasoni@gmail.com', '(509) 045-6060'),
('2', 'Springer Nature', '201', 'jenda.peat@hotmail.com', '(518) 746-3147'),
('3', 'Bloomsbury Publishing', '202', 'symon.kellitt@yahoo.com', '(505) 076-3063'),
('4', 'Hachette Livre', '203', 'aldwin.sultana@yahoo.com', '(210) 987-7513'),
('5', 'Hachette Livre', '204', 'tamma.graben@gmail.com', '(907) 756-0871'),
('6', 'Wiley', '205', 'wendye.alastair@ig.com.br', '(505) 972-8695'),
('7', 'Springer Nature', '206', 'olivier.hassell@hetnet.nl', '(480) 258-3822'),
('8', 'Wiley', '207', 'thom.walbridge@gmail.com', '(714) 740-4192'),
('9', 'Macmillan Publishers', '208', 'muriel.davitti@yahoo.com', '(806) 258-9970'),
('10', 'Hachette Livre', '209', 'benoit.trenaman@hotmail.com', '(217) 987-0135'),
('11', 'Bloomsbury Publishing', '210', 'gardie.gynne@aol.com', '(561) 158-6021'),
('12', 'Wiley', '211', 'blondelle.wrought@gmail.com', '(717) 709-9768'),
('13', 'Bloomsbury Publishing', '212', 'viviene.mckeand@ntlworld.com', '(619) 525-7729'),
('14', 'Wiley', '213', 'franz.abbet@hotmail.com', '(213) 015-3592'),
('15', 'HarperCollins', '214', 'cathe.farenden@hotmail.com', '(813) 781-0254'),
('16', 'Scholastic Corporation', '215', 'dan.grinyov@yahoo.com', '(714) 171-2382'),
('17', 'Hachette Livre', '216', 'richart.smallbone@gmail.com', '(518) 916-2382'),
('18', 'Simon & Schuster', '217', 'daniella.banfill@gmail.com', '(202) 761-8299'),
('19', 'Springer Nature', '218', 'ros.mullin@live.fr', '(267) 592-0650'),
('20', 'Macmillan Publishers', '219', 'amil.chantler@home.nl', '(414) 749-1956'),
('21', 'HarperCollins', '220', 'una.kivlin@yahoo.com', '(515) 892-8658'),
('22', 'Pearson Education', '221', 'devon.worboy@hotmail.com', '(432) 991-9632'),
('23', 'Scholastic Corporation', '222', 'morris.caswell@yahoo.com', '(814) 694-7491'),
('24', 'Pearson Education', '223', 'donelle.lamie@gmail.com', '(612) 333-0197'),
('25', 'HarperCollins', '224', 'lennard.laugier@yahoo.com', '(757) 681-2125'),
('26', 'Pearson Education', '225', 'lyman.issacson@hotmail.co.uk', '(727) 305-6380'),
('27', 'Hachette Livre', '226', 'gerda.ebrall@hotmail.com', '(213) 559-9399'),
('28', 'Simon & Schuster', '227', 'alano.macclinton@gmail.com', '(215) 488-5979'),
('29', 'Macmillan Publishers', '228', 'ailis.tiltman@bol.com.br', '(502) 254-9168'),
('30', 'Hachette Livre', '229', 'lesley.cudiff@hotmail.com', '(305) 413-7751'),
('31', 'Wiley', '230', 'rosette.highton@yahoo.com', '(281) 863-6983'),
('32', 'Bloomsbury Publishing', '231', 'melantha.bodocs@verizon.net', '(253) 485-5074'),
('33', 'Simon & Schuster', '232', 'junina.mantione@hotmail.com', '(806) 152-9230'),
('34', 'Bloomsbury Publishing', '233', 'keary.grishakov@yahoo.co.uk', '(510) 764-4774'),
('35', 'Macmillan Publishers', '234', 'neill.geldeard@hotmail.fr', '(309) 303-7101'),
('36', 'Macmillan Publishers', '235', 'arv.chellam@yahoo.com', '(904) 754-7801'),
('37', 'Simon & Schuster', '236', 'hodge.martinovic@gmail.com', '(504) 746-0048'),
('38', 'Hachette Livre', '237', 'thomasine.fromont@hotmail.com', '(225) 275-1331'),
('39', 'Scholastic Corporation', '238', 'ezmeralda.doiley@hotmail.com', '(785) 267-5991'),
('40', 'Bloomsbury Publishing', '239', 'nissie.pendred@hotmail.fr', '(814) 750-8491'),
('41', 'Springer Nature', '240', 'raffarty.murphey@yahoo.com', '(850) 016-4426'),
('42', 'Bloomsbury Publishing', '241', 'patrick.pickett@outlook.com', '(614) 619-9662'),
('43', 'Pearson Education', '242', 'pen.aguilar@aol.com', '(317) 211-2207'),
('44', 'Hachette Livre', '243', 'coral.hedgeley@yahoo.com.br', '(304) 080-8697'),
('45', 'Penguin Random House', '244', 'brinna.huggins@hotmail.com', '(904) 940-7362'),
('46', 'Penguin Random House', '245', 'brew.garbutt@hotmail.com', '(914) 480-5591'),
('47', 'HarperCollins', '246', 'octavius.dominy@yahoo.com', '(412) 654-3991'),
('48', 'Scholastic Corporation', '247', 'odell.prestidge@yahoo.com', '(202) 156-8290'),
('49', 'Simon & Schuster', '248', 'rockey.tolefree@gmx.de', '(256) 014-0810'),
('50', 'Bloomsbury Publishing', '249', 'krista.scothorne@hotmail.com', '(414) 282-8257'),
('51', 'Wiley', '250', 'nalani.savine@aol.com', '(303) 893-3074'),
('52', 'Scholastic Corporation', '251', 'clarine.sherred@yahoo.com', '(916) 507-2803'),
('53', 'Wiley', '252', 'hortense.pinnegar@msn.com', '(609) 464-3817'),
('54', 'Wiley', '253', 'greggory.decaze@orange.fr', '(323) 790-0930'),
('55', 'Simon & Schuster', '254', 'abagail.arter@hotmail.fr', '(914) 246-2255'),
('56', 'Penguin Random House', '255', 'letti.cowdray@yahoo.com', '(816) 726-4271'),
('57', 'Scholastic Corporation', '256', 'katleen.mcandie@planet.nl', '(704) 534-9390'),
('58', 'Scholastic Corporation', '257', 'nelly.weiss@hotmail.com', '(806) 540-6723'),
('59', 'HarperCollins', '258', 'lotta.merriman@yahoo.com', '(717) 840-2595'),
('60', 'Penguin Random House', '259', 'bing.pocklington@hotmail.com', '(815) 324-8310'),
('61', 'Simon & Schuster', '260', 'stoddard.spurdle@hotmail.com', '(253) 441-1329'),
('62', 'Springer Nature', '261', 'sloan.forlong@yahoo.com.au', '(419) 046-7056'),
('63', 'HarperCollins', '262', 'emelda.ferreri@aol.com', '(702) 834-5423'),
('64', 'Pearson Education', '263', 'violet.stringfellow@hotmail.com', '(612) 456-6052'),
('65', 'Wiley', '264', 'anstice.ogg@hotmail.com', '(949) 989-6635'),
('66', 'Pearson Education', '265', 'lay.sedgwick@yahoo.com', '(864) 218-4154'),
('67', 'Penguin Random House', '266', 'cristi.kolczynski@free.fr', '(952) 249-2619'),
('68', 'Macmillan Publishers', '267', 'kamila.kimble@hotmail.com', '(720) 443-4052'),
('69', 'Simon & Schuster', '268', 'tedda.beachamp@bigpond.com', '(310) 774-4106'),
('70', 'Hachette Livre', '269', 'duncan.falck@yahoo.com', '(712) 135-8408'),
('71', 'Bloomsbury Publishing', '270', 'jackquelin.frichley@hotmail.com', '(256) 329-1460'),
('72', 'HarperCollins', '271', 'lamond.ranken@libero.it', '(954) 621-7173'),
('73', 'Simon & Schuster', '272', 'whitby.snedker@gmail.com', '(404) 855-4923'),
('74', 'Simon & Schuster', '273', 'tyson.rickett@yahoo.com', '(479) 633-7746'),
('75', 'Springer Nature', '274', 'dev.mcpake@gmail.com', '(864) 212-9773'),
('76', 'Macmillan Publishers', '275', 'morgen.lineker@gmail.com', '(505) 748-7526'),
('77', 'Bloomsbury Publishing', '276', 'elwood.oosthoutdevree@gmail.com', '(915) 545-4731'),
('78', 'Penguin Random House', '277', 'shantee.coats@gmail.com', '(720) 966-5895'),
('79', 'Simon & Schuster', '278', 'spence.hiscoe@yahoo.fr', '(352) 048-6376'),
('80', 'Simon & Schuster', '279', 'anet.rigts@hotmail.com', '(303) 767-2339'),
('81', 'HarperCollins', '280', 'orsa.presslee@gmail.com', '(330) 640-8763'),
('82', 'Penguin Random House', '281', 'burg.barringer@gmail.com', '(786) 958-0648'),
('83', 'Simon & Schuster', '282', 'caryl.plumptre@gmail.com', '(352) 647-9579'),
('84', 'Hachette Livre', '283', 'brett.vesco@gmail.com', '(801) 047-1332'),
('85', 'Penguin Random House', '284', 'hubie.golland@hotmail.com', '(212) 779-7792'),
('86', 'Bloomsbury Publishing', '285', 'franciskus.mckibbin@yahoo.com', '(408) 409-5012'),
('87', 'Macmillan Publishers', '286', 'barton.rubinivitz@yahoo.com', '(214) 262-1692'),
('88', 'HarperCollins', '287', 'bev.lickorish@att.net', '(412) 160-1161'),
('89', 'Simon & Schuster', '288', 'kynthia.do@gmail.com', '(312) 089-4653'),
('90', 'HarperCollins', '289', 'skylar.lugton@gmail.com', '(312) 987-5974'),
('91', 'Wiley', '290', 'dorolice.player@gmail.com', '(559) 167-2336'),
('92', 'Pearson Education', '291', 'burch.losty@yahoo.com', '(856) 787-2196'),
('93', 'Wiley', '292', 'egbert.greathead@gmail.com', '(515) 414-8702'),
('94', 'Macmillan Publishers', '293', 'des.wardingley@hotmail.com', '(469) 920-8999'),
('95', 'Springer Nature', '294', 'colly.pallasch@wanadoo.fr', '(315) 220-2266'),
('96', 'Penguin Random House', '295', 'stacey.onion@yahoo.com', '(402) 282-1405'),
('97', 'Penguin Random House', '296', 'josiah.marven@yahoo.com', '(915) 050-9738'),
('98', 'Scholastic Corporation', '297', 'suzie.haitlie@yahoo.fr', '(469) 532-6030'),
('99', 'Bloomsbury Publishing', '298', 'caryl.braxton@gmail.com', '(713) 691-1591'),
('100', 'HarperCollins', '299', 'alastair.slessar@hotmail.com', '(718) 498-6215');


INSERT INTO shipments (shipment_id, invoice_id, tracking_number, shipment_date, delivery_date, carrier_name) VALUES
('1', '77', 'KZ42420985IA', '2025-02-23 18:16:44', '2025-03-03 03:18:30', 'Royal Mail'),
('2', '49', 'RC46531573XH', '2025-02-09 22:24:04', '2025-02-14 02:12:38', 'DHL'),
('3', '79', 'CB84962598YP', '2024-10-06 00:59:22', '2024-10-13 11:49:07', 'FedEx'),
('4', '98', 'OL71029603SY', '2024-03-23 07:32:01', '2024-04-01 08:52:53', 'United Parcel Service'),
('5', '7', 'FH58644411QB', '2025-01-04 09:05:56', '2025-01-13 14:36:45', 'Japan Post'),
('6', '82', 'TJ78957141IU', '2024-10-20 08:05:29', '2024-10-25 06:12:33', 'PostNL'),
('7', '78', 'AN69508614TZ', '2024-11-13 06:05:49', '2024-11-16 01:01:25', 'China Post'),
('8', '68', 'UY65280712HU', '2024-05-03 18:06:00', '2024-05-06 13:48:39', 'Japan Post'),
('9', '34', 'WW22501126QA', '2024-02-29 23:22:40', '2024-03-09 13:58:10', 'DHL'),
('10', '38', 'CL52910744RF', '2024-12-14 13:03:14', '2024-12-16 19:20:34', 'Yamato Transport'),
('11', '3', 'UQ93980691OD', '2024-07-13 08:48:17', '2024-07-19 10:52:10', 'Deutsche Post'),
('12', '63', 'KQ07622226PB', '2025-02-24 07:20:50', '2025-03-01 21:37:14', 'Kuehne + Nagel'),
('13', '99', 'IZ94247469ZI', '2024-12-25 09:54:55', '2025-01-02 16:00:34', 'FedEx'),
('14', '95', 'NE15416442HR', '2024-09-21 21:42:20', '2024-09-22 22:57:07', 'Deutsche Post'),
('15', '58', 'WC51227078DS', '2024-11-25 03:41:45', '2024-11-26 05:02:00', 'Australia Post'),
('16', '94', 'BA71028559TW', '2024-09-24 05:03:43', '2024-10-03 17:02:26', 'Canada Post'),
('17', '46', 'ZX71453161EZ', '2024-10-16 10:32:32', '2024-10-22 08:40:13', 'Canada Post'),
('18', '80', 'NQ67432575XS', '2025-02-03 13:09:10', '2025-02-06 02:06:01', 'DHL'),
('19', '10', 'PV50836650AG', '2024-04-28 02:51:17', '2024-05-03 07:57:01', 'Canada Post'),
('20', '70', 'IM76818403TJ', '2024-07-27 09:51:39', '2024-07-31 11:53:38', 'USPS'),
('21', '56', 'NX15260219BU', '2024-07-30 03:24:14', '2024-07-31 18:49:03', 'Schneider Logistics'),
('22', '89', 'BS41662196ZL', '2024-08-26 12:49:08', '2024-08-28 20:38:18', 'PostNL'),
('23', '22', 'EB28842777SK', '2024-07-30 09:12:09', '2024-08-05 13:43:20', 'Ceva Logistics'),
('24', '93', 'QA37240469LX', '2024-11-24 01:11:58', '2024-11-27 15:08:43', 'China Post'),
('25', '67', 'OE47942176WA', '2025-01-02 22:45:07', '2025-01-10 02:28:18', 'Schneider Logistics'),
('26', '55', 'KL14866508SZ', '2024-11-28 12:41:48', '2024-12-05 14:21:41', 'United Parcel Service'),
('27', '97', 'WE14591867FO', '2024-08-17 18:08:30', '2024-08-19 07:37:16', 'FedEx'),
('28', '71', 'PB72551097BO', '2024-09-04 17:28:35', '2024-09-08 20:34:39', 'DHL'),
('29', '39', 'BE85413042HG', '2024-05-06 01:47:04', '2024-05-08 22:56:56', 'BlueDart'),
('30', '61', 'LH70615059RV', '2025-01-18 23:52:53', '2025-01-28 20:56:15', 'Kuehne + Nagel'),
('31', '59', 'TE54733169JZ', '2024-11-28 11:25:27', '2024-12-01 17:44:01', 'Japan Post'),
('32', '16', 'KB51678107PR', '2024-10-24 00:35:42', '2024-10-25 16:58:33', 'USPS'),
('33', '42', 'PP94070692NB', '2024-08-20 19:57:46', '2024-08-30 11:05:31', 'Canada Post'),
('34', '65', 'CS21111141AZ', '2024-06-28 21:36:48', '2024-07-04 18:03:28', 'Deutsche Post'),
('35', '37', 'LC58427813YI', '2025-02-04 11:57:25', '2025-02-10 17:49:39', 'SF Express'),
('36', '48', 'HV95473911FA', '2024-08-13 00:53:55', '2024-08-22 04:09:13', 'BlueDart'),
('37', '66', 'ZF12491260JO', '2024-04-18 23:19:24', '2024-04-25 19:32:44', 'Japan Post'),
('38', '27', 'RJ23244300FY', '2024-10-10 00:39:07', '2024-10-16 15:09:54', 'China Post'),
('39', '69', 'HS22078829SS', '2024-10-04 01:14:06', '2024-10-06 06:15:03', 'SF Express'),
('40', '31', 'SS21034371UJ', '2024-06-16 09:09:15', '2024-06-20 19:38:43', 'Ceva Logistics'),
('41', '9', 'QW96523170UD', '2024-06-29 13:32:19', '2024-07-07 21:03:32', 'United Parcel Service'),
('42', '20', 'JC40017370PX', '2024-05-13 11:52:47', '2024-05-17 18:19:49', 'Yamato Transport'),
('43', '2', 'BB47033273SQ', '2024-02-29 05:09:53', '2024-03-09 21:04:55', 'TNT Express'),
('44', '85', 'QM18728396XM', '2024-11-20 12:15:36', '2024-11-24 21:22:26', 'Ceva Logistics'),
('45', '45', 'ET76515140MZ', '2024-10-03 18:28:55', '2024-10-10 00:28:53', 'United Parcel Service'),
('46', '29', 'IY17439760TL', '2024-11-16 18:41:48', '2024-11-20 04:41:00', 'USPS'),
('47', '64', 'RM03844234XR', '2024-06-11 06:41:37', '2024-06-14 01:36:43', 'Australia Post'),
('48', '17', 'CS47111838ZB', '2024-07-14 19:53:17', '2024-07-23 04:44:39', 'Deutsche Post'),
('49', '32', 'RG09609478JU', '2024-04-30 00:44:38', '2024-05-09 00:00:11', 'Japan Post'),
('50', '76', 'CU21115354JX', '2024-08-14 15:05:24', '2024-08-19 01:34:29', 'Yamato Transport'),
('51', '15', 'JX98698649XF', '2024-07-13 12:54:09', '2024-07-19 10:59:09', 'Royal Mail'),
('52', '23', 'FC68680605EJ', '2024-12-19 16:46:27', '2024-12-25 01:31:50', 'DHL'),
('53', '6', 'DE97536612SP', '2024-10-15 21:26:24', '2024-10-24 17:54:47', 'TNT Express'),
('54', '62', 'LU68291476FH', '2024-06-29 11:01:36', '2024-07-08 23:28:33', 'SF Express'),
('55', '11', 'IJ90452277PR', '2024-08-19 14:25:06', '2024-08-28 08:07:52', 'Yamato Transport'),
('56', '33', 'UO70004074DF', '2024-09-19 05:46:35', '2024-09-27 17:20:15', 'Deutsche Post'),
('57', '50', 'CO91920464LE', '2024-12-17 03:19:34', '2024-12-19 11:53:57', 'Canada Post'),
('58', '74', 'QZ85924949JR', '2024-05-09 16:04:47', '2024-05-16 09:43:21', 'Canada Post'),
('59', '92', 'XQ49555691MU', '2024-03-27 19:38:19', '2024-04-03 22:32:12', 'PostNL'),
('60', '41', 'BJ13845098OH', '2024-12-13 17:19:57', '2024-12-19 14:30:18', 'Deutsche Post'),
('61', '8', 'PP14019229NO', '2024-07-19 02:05:19', '2024-07-20 15:59:00', 'Aramex'),
('62', '96', 'SQ15318305OC', '2024-06-18 00:06:41', '2024-06-26 03:31:37', 'Kuehne + Nagel'),
('63', '73', 'KS73101626NK', '2024-03-14 15:32:48', '2024-03-16 11:32:18', 'Japan Post'),
('64', '81', 'BC26971037LQ', '2024-05-04 13:19:25', '2024-05-10 00:11:54', 'Australia Post'),
('65', '19', 'IC37095929NM', '2024-12-16 08:34:13', '2024-12-26 05:40:01', 'China Post'),
('66', '72', 'GT98147480TG', '2024-11-08 01:51:41', '2024-11-08 10:11:21', 'Royal Mail'),
('67', '40', 'OC39828848BH', '2024-04-20 21:45:40', '2024-04-30 18:43:52', 'Japan Post'),
('68', '35', 'CF14907188AN', '2024-09-16 05:53:21', '2024-09-18 00:44:50', 'Deutsche Post'),
('69', '12', 'WB06336083XZ', '2024-12-04 23:28:16', '2024-12-12 23:53:42', 'SF Express'),
('70', '1', 'FC14852800ZJ', '2024-05-19 09:25:54', '2024-05-22 04:16:28', 'Schneider Logistics'),
('71', '60', 'JI13165591PU', '2024-03-14 14:52:50', '2024-03-15 09:07:13', 'BlueDart'),
('72', '25', 'CJ99824595UJ', '2024-06-15 07:05:42', '2024-06-23 04:53:37', 'PostNL'),
('73', '4', 'JL06794157YV', '2024-09-13 08:51:00', '2024-09-21 01:24:28', 'La Poste'),
('74', '84', 'WV10124538LE', '2025-02-24 20:24:41', '2025-03-03 20:11:13', 'TNT Express'),
('75', '14', 'HX15830260HG', '2024-04-22 02:30:17', '2024-04-30 00:52:01', 'Japan Post'),
('76', '21', 'WU33781944ZM', '2025-02-06 20:33:22', '2025-02-12 22:18:06', 'TNT Express'),
('77', '5', 'IC99313330CD', '2024-11-28 11:28:44', '2024-11-29 04:13:50', 'Schneider Logistics'),
('78', '53', 'UL86203253DX', '2024-06-23 21:16:08', '2024-07-02 15:26:34', 'Australia Post'),
('79', '24', 'VJ33273007OO', '2024-09-23 15:49:25', '2024-09-23 22:42:03', 'Deutsche Post'),
('80', '47', 'PO63866419MZ', '2024-07-02 00:19:35', '2024-07-03 10:18:26', 'Japan Post'),
('81', '36', 'AU67519578HW', '2025-01-06 23:56:49', '2025-01-13 04:48:43', 'BlueDart'),
('82', '44', 'NH58169741JS', '2024-12-19 05:10:59', '2024-12-25 14:03:22', 'United Parcel Service'),
('83', '87', 'FI20239431TK', '2024-12-24 17:41:27', '2024-12-29 05:09:23', 'USPS'),
('84', '43', 'CH90256094TZ', '2024-08-22 05:22:16', '2024-08-26 23:53:45', 'USPS'),
('85', '75', 'BZ03973495HA', '2024-09-26 06:34:35', '2024-10-04 06:05:29', 'La Poste'),
('86', '13', 'XK92569256SZ', '2024-08-04 22:26:21', '2024-08-08 03:26:32', 'PostNL'),
('87', '52', 'CX30204719VL', '2024-03-21 10:54:50', '2024-03-31 04:00:09', 'Australia Post'),
('88', '54', 'OT17760492LC', '2024-11-12 01:59:35', '2024-11-15 23:30:43', 'United Parcel Service'),
('89', '86', 'BH58938342EY', '2024-07-03 06:20:39', '2024-07-04 05:34:17', 'Schneider Logistics'),
('90', '88', 'VQ86418166FU', '2024-11-22 15:15:22', '2024-12-01 18:06:01', 'USPS'),
('91', '26', 'SU83653244AH', '2024-09-11 03:46:31', '2024-09-13 02:20:08', 'PostNL'),
('92', '51', 'HD76101193IZ', '2024-06-03 16:33:04', '2024-06-08 00:59:13', 'FedEx'),
('93', '18', 'SG51756951JC', '2024-05-09 10:45:35', '2024-05-10 03:00:31', 'SF Express'),
('94', '83', 'MK19503211UQ', '2024-12-07 21:17:44', '2024-12-16 05:24:16', 'BlueDart'),
('95', '91', 'FG54499661LX', '2024-04-04 19:26:12', '2024-04-08 13:56:35', 'Ceva Logistics'),
('96', '90', 'VL88243012UL', '2024-05-27 03:10:36', '2024-05-31 09:23:28', 'Canada Post'),
('97', '100', 'RD99759781HV', '2024-05-22 02:13:07', '2024-05-24 11:18:11', 'FedEx'),
('98', '30', 'OH64696025BN', '2024-05-03 04:54:17', '2024-05-09 13:16:07', 'BlueDart'),
('99', '57', 'GH33752166ZT', '2024-11-03 05:27:02', '2024-11-09 12:22:47', 'Ceva Logistics'),
('100', '28', 'IX62805038LZ', '2024-03-13 05:04:10', '2024-03-21 06:11:15', 'Kuehne + Nagel');


INSERT INTO vendors (vendor_id, vendor_name, contact_first_name, contact_last_name, phone, email, address_id) VALUES
('1', 'Blue Wave Enterprises', 'Florian', 'Cartman', '(515) 299-8572', 'florian.cartman@gmail.com', 300),
('2', 'Blue Wave Enterprises', 'Garrick', 'Chastelain', '(612) 190-4190', 'garrick.chastelain@bol.com.br', 301),
('3', 'Crystal Clear Supplies', 'Rachele', 'Swires', '(952) 093-1168', 'rachele.swires@gmail.com', 302),
('4', 'Perfect Pitch Studios', 'Gabie', 'Levermore', '(501) 430-9475', 'gabie.levermore@gmail.com', 303),
('5', 'Pinnacle Partners Consulting', 'Viva', 'Cella', '(915) 781-5535', 'viva.cella@hotmail.fr', 304),
('6', 'Crystal Clear Supplies', 'Cletis', 'Woolens', '(213) 539-8547', 'cletis.woolens@yahoo.com', 305),
('7', 'Golden Gate Logistics', 'Katey', 'Powdrill', '(515) 798-8903', 'katey.powdrill@mail.ru', 306),
('8', 'Apex Automation', 'Kalli', 'Plank', '(816) 956-9015', 'kalli.plank@yahoo.com', 307),
('9', 'Pinnacle Partners Consulting', 'Karlotte', 'Ponceford', '(785) 029-0819', 'karlotte.ponceford@gmail.com', 308),
('10', 'Silver Lining Systems', 'Randy', 'Gent', '(203) 194-7660', 'randy.gent@yahoo.com', 309),
('11', 'Silver Lining Systems', 'Sinclare', 'Roff', '(718) 948-8240', 'sinclare.roff@aol.com', 310),
('12', 'Perfect Pitch Studios', 'Conan', 'Creenan', '(804) 116-7221', 'conan.creenan@yahoo.com', 311),
('13', 'Sunnyvale Distributors', 'Isahella', 'Buessen', '(305) 969-8189', 'isahella.buessen@yahoo.co.uk', 312),
('14', 'Crystal Clear Supplies', 'Jany', 'Blench', '(530) 081-3665', 'jany.blench@yahoo.com', 313),
('15', 'Global Tech Solutions', 'Sean', 'Ingarfill', '(650) 684-4909', 'sean.ingarfill@yahoo.com', 314),
('16', 'Golden Gate Logistics', 'Margit', 'Pear', '(209) 709-3679', 'margit.pear@gmail.com', 315),
('17', 'Apex Automation', 'Aundrea', 'Gilks', '(208) 209-1558', 'aundrea.gilks@hotmail.com', 316),
('18', 'EcoSmart Living Inc.', 'Lazare', 'Slee', '(606) 354-0628', 'lazare.slee@yahoo.com', 317),
('19', 'Nimbus Innovations LLC', 'Dallis', 'Mc Caughen', '(512) 422-0901', 'dallis.mccaughen@gmail.com', 318),
('20', 'Nimbus Innovations LLC', 'Harp', 'Dobbson', '(904) 456-5676', 'harp.dobbson@gmail.com', 319),
('21', 'GreenStar Industries', 'Regan', 'Wellum', '(601) 814-8708', 'regan.wellum@gmail.com', 320),
('22', 'Golden Gate Logistics', 'Lyle', 'Borne', '(309) 419-2627', 'lyle.borne@yahoo.com', 321),
('23', 'Ironclad Security LLC', 'Maressa', 'Frederick', '(651) 310-3548', 'maressa.frederick@gmail.com', 322),
('24', 'Silver Lining Systems', 'Magdalene', 'MacIver', '(229) 413-7309', 'magdalene.maciver@yahoo.co.uk', 323),
('25', 'EcoSmart Living Inc.', 'Wallie', 'Antonov', '(704) 898-4798', 'wallie.antonov@yahoo.com', 324),
('26', 'Perfect Pitch Studios', 'Augustin', 'Gare', '(202) 655-2649', 'augustin.gare@yahoo.co.uk', 325),
('27', 'Nimbus Innovations LLC', 'Mara', 'Blancowe', '(254) 963-0176', 'mara.blancowe@msn.com', 326),
('28', 'Silver Lining Systems', 'Anthe', 'Babonau', '(909) 953-1143', 'anthe.babonau@yahoo.com', 327),
('29', 'EcoSmart Living Inc.', 'Kirstin', 'Flahy', '(260) 132-9289', 'kirstin.flahy@hotmail.com', 328),
('30', 'Blue Wave Enterprises', 'Jamaal', 'Constant', '(210) 215-1246', 'jamaal.constant@hotmail.com', 329),
('31', 'Silver Lining Systems', 'Eba', 'Baudon', '(757) 467-1593', 'eba.baudon@hotmail.com', 330),
('32', 'EcoSmart Living Inc.', 'Dierdre', 'Needs', '(304) 042-4630', 'dierdre.needs@yahoo.com', 331),
('33', 'Sunnyvale Distributors', 'Babs', 'Freckelton', '(210) 958-7969', 'babs.freckelton@gmail.com', 332),
('34', 'Perfect Pitch Studios', 'Sean', 'Alforde', '(970) 606-1582', 'sean.alforde@hotmail.it', 333),
('35', 'Crystal Clear Supplies', 'Nannie', 'Dripp', '(562) 955-7566', 'nannie.dripp@laposte.net', 334),
('36', 'Golden Gate Logistics', 'Brandyn', 'Scarlett', '(501) 495-8413', 'brandyn.scarlett@hotmail.com', 335),
('37', 'Blue Wave Enterprises', 'Julianne', 'Sandcroft', '(801) 431-8936', 'julianne.sandcroft@hotmail.com', 336),
('38', 'Blue Wave Enterprises', 'Renee', 'Harper', '(205) 116-3752', 'renee.harper@hotmail.com', 337),
('39', 'Global Tech Solutions', 'Kai', 'Aslam', '(412) 157-3780', 'kai.aslam@gmail.com', 338),
('40', 'Apex Automation', 'Cathi', 'Jenken', '(203) 405-1973', 'cathi.jenken@gmail.com', 339),
('41', 'Perfect Pitch Studios', 'Moselle', 'Radford', '(432) 248-2555', 'moselle.radford@hotmail.com', 340),
('42', 'Nimbus Innovations LLC', 'Cindi', 'Curner', '(626) 357-3765', 'cindi.curner@yahoo.com', 341),
('43', 'Nimbus Innovations LLC', 'Miguel', 'McAnellye', '(936) 084-7754', 'miguel.mcanellye@gmail.com', 342),
('44', 'Quantum Dynamics', 'Aube', 'Provis', '(804) 551-4586', 'aube.provis@yahoo.com', 343),
('45', 'Quantum Dynamics', 'Evvie', 'Kebell', '(615) 368-7341', 'evvie.kebell@gmail.com', 344),
('46', 'Global Tech Solutions', 'Kippy', 'Foxcroft', '(405) 347-3079', 'kippy.foxcroft@gmail.com', 345),
('47', 'Blue Wave Enterprises', 'Wenda', 'Gilkes', '(916) 721-4229', 'wenda.gilkes@free.fr', 346),
('48', 'Perfect Pitch Studios', 'Micheal', 'Sollam', '(513) 561-5539', 'micheal.sollam@aol.com', 347),
('49', 'Quantum Dynamics', 'Vonnie', 'Baumadier', '(917) 980-9499', 'vonnie.baumadier@aol.com', 348),
('50', 'EcoSmart Living Inc.', 'Morganica', 'Pile', '(314) 299-9424', 'morganica.pile@yahoo.co.uk', 349),
('51', 'Sunnyvale Distributors', 'Hildagarde', 'Tebbet', '(702) 159-4767', 'hildagarde.tebbet@free.fr', 350),
('52', 'Golden Gate Logistics', 'Leese', 'Pirolini', '(312) 198-5104', 'leese.pirolini@hotmail.com', 351),
('53', 'Nimbus Innovations LLC', 'Batsheva', 'Lauxmann', '(512) 367-8260', 'batsheva.lauxmann@hotmail.co.uk', 352),
('54', 'Nimbus Innovations LLC', 'Marge', 'Myhan', '(765) 914-8202', 'marge.myhan@yahoo.com', 353),
('55', 'Apex Automation', 'Catherina', 'Simcock', '(202) 001-8258', 'catherina.simcock@gmail.com', 354),
('56', 'Blue Wave Enterprises', 'Kesley', 'Marnane', '(808) 848-3300', 'kesley.marnane@yahoo.com', 355),
('57', 'Crystal Clear Supplies', 'Drusy', 'Slite', '(702) 984-9497', 'drusy.slite@gmail.com', 356),
('58', 'Perfect Pitch Studios', 'Josie', 'Lightollers', '(626) 919-8035', 'josie.lightollers@gmail.com', 357),
('59', 'Acme Corporation', 'Cart', 'Easson', '(520) 661-8337', 'cart.easson@gmail.com', 358),
('60', 'Golden Gate Logistics', 'Trixie', 'Dainter', '(714) 310-5258', 'trixie.dainter@hotmail.com', 359),
('61', 'Ironclad Security LLC', 'Bobbie', 'Nazer', '(248) 751-6281', 'bobbie.nazer@free.fr', 360),
('62', 'Pinnacle Partners Consulting', 'Bentlee', 'Kee', '(513) 055-8587', 'bentlee.kee@gmail.com', 361),
('63', 'Acme Corporation', 'Alain', 'Guilloux', '(814) 864-6401', 'alain.guilloux@hotmail.co.uk', 362),
('64', 'Perfect Pitch Studios', 'Samuel', 'Rabb', '(970) 958-4091', 'samuel.rabb@yahoo.com', 363),
('65', 'Global Tech Solutions', 'Avictor', 'Coomber', '(410) 881-3629', 'avictor.coomber@gmail.com', 364),
('66', 'Global Tech Solutions', 'Fidelia', 'Wrench', '(916) 430-4516', 'fidelia.wrench@yahoo.com.br', 365),
('67', 'Golden Gate Logistics', 'Matty', 'Eakly', '(217) 757-9336', 'matty.eakly@yahoo.com', 366),
('68', 'Golden Gate Logistics', 'Hillary', 'Cobon', '(419) 414-4170', 'hillary.cobon@comcast.net', 367),
('69', 'Perfect Pitch Studios', 'Garrett', 'Chasemoore', '(585) 903-9709', 'garrett.chasemoore@gmail.com', 368),
('70', 'Pinnacle Partners Consulting', 'Jo-anne', 'Sleight', '(505) 816-4244', 'joanne.sleight@gmail.com', 369),
('71', 'Nimbus Innovations LLC', 'Kayne', 'Gooderham', '(615) 765-2162', 'kayne.gooderham@hotmail.com', 370),
('72', 'Ironclad Security LLC', 'Siward', 'Ollive', '(215) 935-1638', 'siward.ollive@gmail.com', 371),
('73', 'Nimbus Innovations LLC', 'Elisha', 'Revill', '(901) 050-8238', 'elisha.revill@gmail.com', 372),
('74', 'Pinnacle Partners Consulting', 'Ashlie', 'Otteridge', '(682) 112-2534', 'ashlie.otteridge@hotmail.com', 373),
('75', 'Global Tech Solutions', 'Mariam', 'Schimoni', '(336) 928-2368', 'mariam.schimoni@yahoo.com', 374),
('76', 'Apex Automation', 'Auberta', 'Laurenz', '(541) 273-2499', 'auberta.laurenz@hotmail.co.uk', 375),
('77', 'Acme Corporation', 'Goddart', 'Skeels', '(706) 014-2564', 'goddart.skeels@aol.com', 376),
('78', 'Crystal Clear Supplies', 'Beverlie', 'Pury', '(209) 677-3583', 'beverlie.pury@aol.com', 377),
('79', 'GreenStar Industries', 'Germaine', 'Maving', '(202) 593-4441', 'germaine.maving@gmx.de', 378),
('80', 'Silver Lining Systems', 'Diena', 'Bridel', '(281) 722-7138', 'diena.bridel@gmail.com', 379),
('81', 'Golden Gate Logistics', 'Fairlie', 'Picardo', '(760) 222-8529', 'fairlie.picardo@yahoo.com', 380),
('82', 'Crystal Clear Supplies', 'Barn', 'Ber', '(515) 122-7528', 'barn.ber@hotmail.com', 381),
('83', 'Sunnyvale Distributors', 'Egor', 'Burroughes', '(336) 343-8423', 'egor.burroughes@hotmail.co.uk', 382),
('84', 'Crystal Clear Supplies', 'Herve', 'Hincks', '(513) 024-6500', 'herve.hincks@gmail.com', 383),
('85', 'Ironclad Security LLC', 'Doro', 'Reinhard', '(918) 555-4034', 'doro.reinhard@hotmail.com', 384),
('86', 'Ironclad Security LLC', 'Kristin', 'Autrie', '(507) 625-5647', 'kristin.autrie@gmail.com', 385),
('87', 'Blue Wave Enterprises', 'Stephan', 'Bank', '(704) 047-1633', 'stephan.bank@aol.com', 386),
('88', 'Apex Automation', 'Lauri', 'Agge', '(951) 319-4124', 'lauri.agge@gmail.com', 387),
('89', 'Crystal Clear Supplies', 'Goldia', 'Getsham', '(316) 070-4053', 'goldia.getsham@yahoo.com', 388),
('90', 'Crystal Clear Supplies', 'Pyotr', 'Atchly', '(402) 169-3056', 'pyotr.atchly@yahoo.com', 389),
('91', 'GreenStar Industries', 'Isabel', 'Mintoff', '(850) 390-2666', 'isabel.mintoff@hotmail.com', 390),
('92', 'Ironclad Security LLC', 'Adham', 'Moyles', '(919) 444-1569', 'adham.moyles@ymail.com', 391),
('93', 'Apex Automation', 'Myrilla', 'Siveyer', '(318) 228-7444', 'myrilla.siveyer@yahoo.com', 392),
('94', 'Sunnyvale Distributors', 'Horton', 'Aird', '(360) 055-8237', 'horton.aird@yahoo.com', 393),
('95', 'Pinnacle Partners Consulting', 'Golda', 'Coultish', '(612) 022-6997', 'golda.coultish@hotmail.fr', 394),
('96', 'Nimbus Innovations LLC', 'Ayn', 'Chastand', '(303) 622-3289', 'ayn.chastand@yahoo.com', 395),
('97', 'Perfect Pitch Studios', 'Dorene', 'Ewin', '(281) 246-8514', 'dorene.ewin@gmail.com', 396),
('98', 'EcoSmart Living Inc.', 'Yoko', 'Bulgen', '(512) 874-5517', 'yoko.bulgen@hotmail.com', 397),
('99', 'Quantum Dynamics', 'Josie', 'Josskoviz', '(813) 602-8693', 'josie.josskoviz@yahoo.com', 398),
('100', 'Global Tech Solutions', 'Corey', 'Schuelcke', '(702) 969-9643', 'corey.schuelcke@hotmail.com', 399);


SET FOREIGN_KEY_CHECKS = 1;
